content_id,printed_number,headword_original,pdf_page,recall_page,issue_type,severity,problem,proposal,status,issue_id
W0008,8,융통성,1,2,학습/빈칸 의미 불일치,출제 차단,학습은 융통성. 빈칸은 자신의 행복을 노래하고 누림/전성기 선수를 ( )하고 있다. 다른 단어의 뜻·예문.,융통성으로 두 페이지를 통일. 구가로 보이는 내용은 신규 단어로 자동 등록하지 않음.,원문 불일치 확인·수정안은 미확정,I001
W0012,12,점령,1,2,학습/빈칸 의미 불일치,출제 차단,학습은 점령. 빈칸은 사람·기관에 일을 맡김/변호사에게 법적 문제 ( )했다.,점령으로 두 페이지를 통일. 의뢰로 보이는 빈칸은 별도 검수.,원문 불일치 확인·수정안은 미확정,I002
W0013,13,방탕,1,2,학습/빈칸 의미 불일치,출제 차단,학습은 방탕. 빈칸은 사물에 몸·마음을 기대 도움 받음/지팡이에 ( )했다.,방탕으로 두 페이지를 통일. 의지 내용 혼입 추정.,원문 불일치 확인·수정안은 미확정,I003
W0015,15,참전하다,1,2,학습/빈칸 의미 불일치,출제 차단,전쟁에 참가함이라는 뜻에 미래를 위해 꾸준히 저축했다는 예문이 붙음. 빈칸도 없음.,참전 문맥의 예문·빈칸을 다시 작성.,원문 불일치 확인·수정안은 미확정,I004
W0242,282,발굴,33,34,학습/빈칸 의미 불일치,출제 차단,학습은 발굴. 빈칸은 재물를 몰래 훔치거나 독차지함/딸기를 따는 대로 ( ).,발굴의 유적·자료 발견 문맥으로 다시 작성.,원문 불일치 확인·수정안은 미확정,I005
W0245,285,인재,33,34,학습/빈칸 의미 불일치,출제 차단,학습은 인재. 빈칸은 한 부분을 잘라 버림/말을 뚝 ( ).,인재의 뛰어난 재주·인력 문맥으로 통일.,원문 불일치 확인·수정안은 미확정,I006
W0339,379,성토,45,46,학습/빈칸 의미 불일치,출제 차단,학습 성토는 잘못을 비판함. 빈칸은 사정을 생각해 헤아림/타당하다고 ( )되다. 학습 예문 마당에서 성토는 흙을 쌓는 다른 뜻을 암시.,성토(聲討)를 비판하는 문맥으로 고정. 원문은 의미 충돌 사례로 보존.,원문 불일치 확인·수정안은 미확정,I007
W0364,404,조작,49,50,학습/빈칸 의미 불일치,출제 차단,학습은 조작. 빈칸은 눈에 띄게 시원스럽게/물건이 ( ) 마음에 들다.,조작의 사실 꾸밈 또는 기계 다룸 중 의미를 선정하여 통일.,원문 불일치 확인·수정안은 미확정,I008
W0401,441,근원,53,54,학습/빈칸 의미 불일치,출제 차단,학습은 근원. 빈칸은 어떤 일·현상의 첫 단계/경기가 ( )됐다.,근원의 본바탕·발원지 문맥으로 재작성.,원문 불일치 확인·수정안은 미확정,I009
W0402,442,의지하다,53,54,학습/빈칸 의미 불일치,출제 차단,학습 표제는 의지하다/기댐인데 학습 예문은 굳은 의지(뜻·결심). 빈칸은 근원의 뜻·강의 ( )을 찾아보자.,의지하다(依支)와 의지(意志)를 의미 ID로 분리; 사람에게 기대는 예문 작성.,원문 불일치 확인·수정안은 미확정,I010
W0404,444,궁극적인,53,54,학습/빈칸 의미 불일치,출제 차단,학습은 궁극적인. 빈칸은 일을 막아 못 하게 함/수면 부족은 건강을 ( )한다.,궁극적의 마지막 목표 문맥으로 통일.,원문 불일치 확인·수정안은 미확정,I011
W0413,453,순박한,55,56,학습/빈칸 의미 불일치,출제 차단,학습은 순박한. 빈칸은 상대 기권으로 싸우지 않고 올라감/행운의 ( )으로 결승 진출.,순박하다의 순진·소박 문맥으로 통일. 부전승 추정 내용 별도 검수.,원문 불일치 확인·수정안은 미확정,I012
W0437,477,극한,59,60,학습/빈칸 의미 불일치,출제 차단,학습은 극한(몹시 심한 추위). 빈칸은 부드럽고 상냥/ ( ) 말씨를 쓰다.,극한의 한자·의미를 확정한 뒤 추위 문맥으로 통일.,원문 불일치 확인·수정안은 미확정,I013
W0026,26,집중,3,4,표기·띄어쓰기,검수 후 교정,4쪽 빈칸 예문 모구에게,모두에게로 교정,원문 표기 확인·교정 후보,I014
W0055,55,편애,7,8,표기·띄어쓰기,검수 후 교정,8쪽 예) 예) 중복,예) 하나 삭제,원문 표기 확인·교정 후보,I015
W0075,75,침상,9,10,표기·띄어쓰기,검수 후 교정,9–10쪽 빠져드렀다,빠져들었다로 교정,원문 표기 확인·교정 후보,I016
W0088,88,침울,11,12,표기·띄어쓰기,검수 후 교정,12쪽 예) 예) 중복,예) 하나 삭제,원문 표기 확인·교정 후보,I017
W0119,119,결성하다,15,16,표기·띄어쓰기,검수 후 교정,15–16쪽 단체나 조직을 새로 만듬,만듦으로 교정,원문 표기 확인·교정 후보,I018
W0150,,궁상맞다,19,20,표기·띄어쓰기,검수 후 교정,19–20쪽 궁상맞은 얼굴 좀 하자마라,하지 마라로 교정; 초등용 긍정적 생활 예문을 별도로 새로 작성,원문 표기 확인·교정 후보,I019
W0157,157,유복자,21,22,표기·띄어쓰기,검수 후 교정,21쪽 어머니 배 속에 았을 때,있을 때로 교정,원문 표기 확인·교정 후보,I020
W0163,163,정화,21,22,표기·띄어쓰기,검수 후 교정,21–22쪽 폑수 정화 시설,폐수 정화 시설로 교정,원문 표기 확인·교정 후보,I021
W0193,193,왕성한,25,26,표기·띄어쓰기,검수 후 교정,25–26쪽 병애 걸렸다,병에 걸렸다로 교정,원문 표기 확인·교정 후보,I022
W0222,222,융합,29,30,표기·띄어쓰기,검수 후 교정,29–30쪽 용합되어,융합되어로 표기 교정하되 과학 문맥은 별도 교정,원문 표기 확인·교정 후보,I023
W0239,279,기시감,31,32,표기·띄어쓰기,검수 후 교정,31쪽 기시감이들었다/것같이,기시감이 들었다/것 같이 등의 띄어쓰기 검수,원문 표기 확인·교정 후보,I024
W0282,322,장악하다,37,38,표기·띄어쓰기,검수 후 교정,37–38쪽 자기 것으로 만듬,만듦으로 교정,원문 표기 확인·교정 후보,I025
W0388,428,향상되다,51,52,표기·띄어쓰기,검수 후 교정,51–52쪽 꾸준한 연습해,꾸준히 연습해 또는 꾸준한 연습으로,원문 표기 확인·교정 후보,I026
W0392,432,황무지,53,54,표기·띄어쓰기,검수 후 교정,53–54쪽 시물이 자라기,식물이 자라기로 교정,원문 표기 확인·교정 후보,I027
W0400,440,면역,53,54,표기·띄어쓰기,검수 후 교정,53–54쪽 높혀준다,높여 준다로 교정,원문 표기 확인·교정 후보,I028
W0411,451,기별,55,56,표기·띄어쓰기,검수 후 교정,55–56쪽 기별부터 해하,기별부터 해라로 교정,원문 표기 확인·교정 후보,I029
W0430,470,혜안,57,58,표기·띄어쓰기,검수 후 교정,57–58쪽 물의 본질을,사물의 본질을로 교정 후보,원문 표기 확인·교정 후보,I030
W0438,478,어귀,59,60,표기·띄어쓰기,검수 후 교정,59–60쪽 접아들었다,접어들었다로 교정,원문 표기 확인·교정 후보,I031
W0006,6,강단있는,1,2,뜻·예문·표제 정합성,출제 전 교사 검수,"표제는 강단있는, 뜻·빈칸·예문 핵심은 강단.","표제 강단, 확장 표현 강단 있다를 분리.",교정 후보·교사/사전 검수 필요,I032
W0010,10,기탄없이,1,2,뜻·예문·표제 정합성,출제 전 교사 검수,"표제 기탄없이, 빈칸 ( )없이의 정답은 기탄.",기탄과 기탄없이의 관계·답안 단위를 명시.,교정 후보·교사/사전 검수 필요,I033
W0004,4,말미,1,2,뜻·예문·표제 정합성,출제 전 교사 검수,말미를 다른 일로 얻게 되는 여유라고 풀어 의미가 모호함.,다른 일을 위해 잠시 쉬거나 얻는 겨를 등의 쉬운 풀이 후보; 사전 대조.,교정 후보·교사/사전 검수 필요,I034
W0081,81,관철,11,12,뜻·예문·표제 정합성,출제 전 교사 검수,"관철 뜻은 사물을 꿰뚫어 봄, 예문 내 주장이 관철되다는 뜻을 이루어 냄.",한자와 의미 ID를 구분하고 관철(貫徹)의 목표 달성 의미를 학습.,교정 후보·교사/사전 검수 필요,I035
W0095,95,껄끄럽다,13,14,뜻·예문·표제 정합성,출제 전 교사 검수,"껄끄럽다 뜻은 물리적 거침, 예문은 상대와의 불편한 관계.",물리적·심리적 의미를 나눠 제시.,교정 후보·교사/사전 검수 필요,I036
W0108,108,상동,15,16,뜻·예문·표제 정합성,출제 전 교사 검수,상동은 의미·분야를 가르지 않고 서로 같음만 제시.,생물학의 상동 관계인지 같은 내용이라는 뜻인지 의미 ID 선정.,교정 후보·교사/사전 검수 필요,I037
W0160,160,섭취,21,22,뜻·예문·표제 정합성,출제 전 교사 검수,섭취를 좋은 양분을 몸속에 빨아들임으로 한정; 예문은 영양 섭취가 안 좋다.,음식·영양분을 몸에 받아들이는 일과 흡수의 차이를 검수.,교정 후보·교사/사전 검수 필요,I038
W0161,161,진공,21,22,뜻·예문·표제 정합성,출제 전 교사 검수,달은 거의 진공 상태이라는 예문은 장소 범위를 넓게 단정.,달에는 대기가 거의 없다 등 과학 검수된 상황으로 수정.,교정 후보·교사/사전 검수 필요,I039
W0174,174,불모지,23,24,뜻·예문·표제 정합성,출제 전 교사 검수,불모지를 내버려 두어 거친 땅으로 설명해 황무지와 구별이 약함.,생물이 자라기 어렵거나 성과가 없는 분야라는 의미와 황무지 차이를 검수.,교정 후보·교사/사전 검수 필요,I040
W0178,178,폐기하다,23,24,뜻·예문·표제 정합성,출제 전 교사 검수,표제 폐기하다이지만 예문 건축 폐기물이 심각하다는 동사 사용이 없음.,낡은 자재를 폐기했다 등 동사 활용 예문으로 수정.,교정 후보·교사/사전 검수 필요,I041
W0182,182,고대하다,25,26,뜻·예문·표제 정합성,출제 전 교사 검수,고대하다의 뜻 기다리던 바로 그때가 학습 예문 내가 고대하던 소식과 맞지 않음.,몹시 기다리다로 교정 후보; 고대의 다른 뜻과 분리.,교정 후보·교사/사전 검수 필요,I042
W0192,192,치명적,25,26,뜻·예문·표제 정합성,출제 전 교사 검수,"치명적 뜻 죽을 지경에 이름, 예문은 선수의 실수로 비유적 손해.",생명 위험/매우 큰 손해 두 의미를 구분.,교정 후보·교사/사전 검수 필요,I043
W0202,202,혼돈,27,28,뜻·예문·표제 정합성,출제 전 교사 검수,"혼돈의 뜻은 천지 미분화, 예문은 정치적 혼란.",우주 발생 이전 상태와 질서 없는 혼란을 의미 ID로 분리; 혼동과 비교.,교정 후보·교사/사전 검수 필요,I044
W0207,207,공탁,27,28,뜻·예문·표제 정합성,출제 전 교사 검수,"공탁 뜻 은행에 맡김, 예문 은행에 공탁한 돈은 예탁과 혼동 가능.",법령에 따른 공탁 기관에 맡김이라는 법률 의미를 사전 검수.,교정 후보·교사/사전 검수 필요,I045
W0208,208,담합하다,27,28,뜻·예문·표제 정합성,출제 전 교사 검수,담합하다의 서로 의논해서 합의함은 부당한 거래·경쟁 제한 문맥을 드러내지 못함.,일반적 합의와 부당한 담합의 문맥을 구별.,교정 후보·교사/사전 검수 필요,I046
W0222,222,융합,29,30,뜻·예문·표제 정합성,출제 전 교사 검수,산소와 수소가 융합되어 물이 된다는 예문은 화학 결합과 핵융합·일반 융합을 혼동시킴.,음악과 미술을 융합한 공연처럼 안전한 일반 의미 예문 작성.,교정 후보·교사/사전 검수 필요,I047
W0233,273,경위,31,32,뜻·예문·표제 정합성,출제 전 교사 검수,"경위 뜻 사리 시비 분간, 예문 사건의 경위는 일의 진행 사정.",경위(經緯)의 과정·사정 의미로 통일하거나 동음이의어 분리.,교정 후보·교사/사전 검수 필요,I048
W0276,316,박차,37,38,뜻·예문·표제 정합성,출제 전 교사 검수,박차를 말을 채찍질하듯으로 설명하여 본뜻의 말에 쓰는 발뒤꿈치 도구와 다름.,"본뜻은 정확히 짧게, 박차를 가하다의 비유적 쓰임 중심.",교정 후보·교사/사전 검수 필요,I049
W0284,324,체포하다,37,38,뜻·예문·표제 정합성,출제 전 교사 검수,체포의 범죄 혐의자를 구속은 법적 절차상 구속과 체포를 동일시할 우려.,체포·구속 구별을 사전·법률 문맥에서 교사 검수.,교정 후보·교사/사전 검수 필요,I050
W0299,339,작동하다,39,40,뜻·예문·표제 정합성,출제 전 교사 검수,작동하다 예문 엔지니어가 기계를 작동했다는 타동·사동 사용 검수 필요.,기계가 작동했다/기계를 작동시켰다로 역할을 분명히 함.,교정 후보·교사/사전 검수 필요,I051
W0384,424,대단원,51,52,뜻·예문·표제 정합성,출제 전 교사 검수,대단원 예문 대단원의 막을 내리다는 대단원의 막/막을 내리다 관용표현 검수 필요.,공연이 감동적인 대단원에 이르렀다 등의 문맥.,교정 후보·교사/사전 검수 필요,I052
W0391,431,선심쓰다,53,54,뜻·예문·표제 정합성,출제 전 교사 검수,선심쓰다 표제와 명사 선심 뜻이 불일치.,선심/선심 쓰다를 표제·관용표현으로 분리하고 띄어쓰기 검수.,교정 후보·교사/사전 검수 필요,I053
W0398,438,일당백,53,54,뜻·예문·표제 정합성,출제 전 교사 검수,일당백을 매우 용감함만으로 풀어 한 사람이 백 사람을 당함이라는 핵심이 약함.,용감함뿐 아니라 많은 사람의 몫을 해냄을 풀어쓰기.,교정 후보·교사/사전 검수 필요,I054
W0422,462,독특하다,57,58,뜻·예문·표제 정합성,출제 전 교사 검수,독특하다 뜻 특별하게 다름. 훨씬 뛰어남은 독특함을 우수함과 동일시.,보통 것과 구별되는 특별한 특징이 있음으로 교정 후보.,교정 후보·교사/사전 검수 필요,I055
W0428,468,관람,57,58,뜻·예문·표제 정합성,출제 전 교사 검수,"관람 표제인데 뜻은 구경하는 사람, 예문은 관람자.",관람의 행동 뜻과 관람자의 사람 뜻을 분리.,교정 후보·교사/사전 검수 필요,I056
W0429,469,호사가,57,58,뜻·예문·표제 정합성,출제 전 교사 검수,호사가의 일을 벌이기를 좋아하는 사람과 입에 오르내리다 예문이 문맥상 맞지 않음.,남의 일에 관심이 많아 이야기하기 좋아하는 사람이라는 문맥 검수.,교정 후보·교사/사전 검수 필요,I057
W0437,477,극한,59,60,뜻·예문·표제 정합성,출제 전 교사 검수,극한 표제는 추위 의미인데 극한의 추위라는 예문은 극한(極限)과 혼동 가능.,극한(極寒)과 극한(極限)을 의미 ID로 분리.,교정 후보·교사/사전 검수 필요,I058
W0274,314,내박치다,37,38,표제어 사전 대조,검토,드문 표현 내박치다의 표준 표제·방언·문학 사용 여부 확인 필요.,기계적으로 다른 단어로 고치지 말고 국립국어원 사전과 교재 의도를 대조.,교정 후보·교사/사전 검수 필요,I059
W0286,326,들쓰다,39,40,표제어 사전 대조,검토,드문 표현 들쓰다의 표준 표제·방언·문학 사용 여부 확인 필요.,기계적으로 다른 단어로 고치지 말고 국립국어원 사전과 교재 의도를 대조.,교정 후보·교사/사전 검수 필요,I060
W0289,329,니글거리다,39,40,표제어 사전 대조,검토,드문 표현 니글거리다의 표준 표제·방언·문학 사용 여부 확인 필요.,기계적으로 다른 단어로 고치지 말고 국립국어원 사전과 교재 의도를 대조.,교정 후보·교사/사전 검수 필요,I061
W0439,479,든적스럽다,59,60,표제어 사전 대조,검토,드문 표현 든적스럽다의 표준 표제·방언·문학 사용 여부 확인 필요.,기계적으로 다른 단어로 고치지 말고 국립국어원 사전과 교재 의도를 대조.,교정 후보·교사/사전 검수 필요,I062
W0193,193,왕성한,25,26,빈칸 누락,출제 차단,복습 페이지의 예문에 괄호 빈칸이 없고 목표어가 그대로 노출됨.,뜻과 예문을 보존한 후 목표어 또는 활용 부분에 빈칸을 만듦.,원문 누락 확인·수정안은 미확정,I063
W0256,296,탈피,35,36,빈칸 누락,출제 차단,복습 페이지의 예문에 괄호 빈칸이 없고 목표어가 그대로 노출됨.,뜻과 예문을 보존한 후 목표어 또는 활용 부분에 빈칸을 만듦.,원문 누락 확인·수정안은 미확정,I064
W0257,297,추종하다,35,36,빈칸 누락,출제 차단,복습 페이지의 예문에 괄호 빈칸이 없고 목표어가 그대로 노출됨.,뜻과 예문을 보존한 후 목표어 또는 활용 부분에 빈칸을 만듦.,원문 누락 확인·수정안은 미확정,I065
W0258,298,과장,35,36,빈칸 누락,출제 차단,복습 페이지의 예문에 괄호 빈칸이 없고 목표어가 그대로 노출됨.,뜻과 예문을 보존한 후 목표어 또는 활용 부분에 빈칸을 만듦.,원문 누락 확인·수정안은 미확정,I066
W0265,305,연상,35,36,빈칸 누락,출제 차단,복습 페이지의 예문에 괄호 빈칸이 없고 목표어가 그대로 노출됨.,뜻과 예문을 보존한 후 목표어 또는 활용 부분에 빈칸을 만듦.,원문 누락 확인·수정안은 미확정,I067
W0292,332,등반,39,40,빈칸 누락,출제 차단,복습 페이지의 예문에 괄호 빈칸이 없고 목표어가 그대로 노출됨.,뜻과 예문을 보존한 후 목표어 또는 활용 부분에 빈칸을 만듦.,원문 누락 확인·수정안은 미확정,I068
W0367,407,누명,49,50,빈칸 누락,출제 차단,복습 페이지의 예문에 괄호 빈칸이 없고 목표어가 그대로 노출됨.,뜻과 예문을 보존한 후 목표어 또는 활용 부분에 빈칸을 만듦.,원문 누락 확인·수정안은 미확정,I069
W0422,462,독특하다,57,58,빈칸 누락,출제 차단,복습 페이지의 예문에 괄호 빈칸이 없고 목표어가 그대로 노출됨.,뜻과 예문을 보존한 후 목표어 또는 활용 부분에 빈칸을 만듦.,원문 누락 확인·수정안은 미확정,I070
W0448,488,조롱하다,59,60,빈칸 누락,출제 차단,복습 페이지의 예문에 괄호 빈칸이 없고 목표어가 그대로 노출됨.,뜻과 예문을 보존한 후 목표어 또는 활용 부분에 빈칸을 만듦.,원문 누락 확인·수정안은 미확정,I071
