문항ID,단어ID,용도,지문보기정답힌트해설단서텍스트읽기,구조검사,명백한정답키오류발견,교육검토후보,사전검증,교사승인
W0001-C01,W0001,practice,읽음,통과,발견하지못함,,미완료,미완료
W0001-C02,W0001,practice,읽음,통과,발견하지못함,,미완료,미완료
W0001-C03,W0001,practice,읽음,통과,발견하지못함,,미완료,미완료
W0001-C04,W0001,practice,읽음,통과,발견하지못함,,미완료,미완료
W0001-C05,W0001,practice,읽음,통과,발견하지못함,,미완료,미완료
W0001-C06,W0001,practice,읽음,통과,발견하지못함,,미완료,미완료
W0001-C07,W0001,pretest,읽음,통과,발견하지못함,,미완료,미완료
W0001-C08,W0001,posttest,읽음,통과,발견하지못함,,미완료,미완료
W0001-C09,W0001,delayed,읽음,통과,발견하지못함,,미완료,미완료
W0001-C10,W0001,weekly,읽음,통과,발견하지못함,,미완료,미완료
W0001-C11,W0001,weekly,읽음,통과,발견하지못함,,미완료,미완료
W0001-C12,W0001,monthly,읽음,통과,발견하지못함,,미완료,미완료
W0001-C13,W0001,quarterly,읽음,통과,발견하지못함,,미완료,미완료
W0001-C14,W0001,practice,읽음,통과,발견하지못함,,미완료,미완료
W0001-C15,W0001,practice,읽음,통과,발견하지못함,,미완료,미완료
W0002-C01,W0002,practice,읽음,통과,발견하지못함,,미완료,미완료
W0002-C02,W0002,practice,읽음,통과,발견하지못함,,미완료,미완료
W0002-C03,W0002,practice,읽음,통과,발견하지못함,,미완료,미완료
W0002-C04,W0002,practice,읽음,통과,발견하지못함,,미완료,미완료
W0002-C05,W0002,practice,읽음,통과,발견하지못함,,미완료,미완료
W0002-C06,W0002,practice,읽음,통과,발견하지못함,,미완료,미완료
W0002-C07,W0002,pretest,읽음,통과,발견하지못함,,미완료,미완료
W0002-C08,W0002,posttest,읽음,통과,발견하지못함,,미완료,미완료
W0002-C09,W0002,delayed,읽음,통과,발견하지못함,,미완료,미완료
W0002-C10,W0002,weekly,읽음,통과,발견하지못함,,미완료,미완료
W0002-C11,W0002,weekly,읽음,통과,발견하지못함,,미완료,미완료
W0002-C12,W0002,monthly,읽음,통과,발견하지못함,,미완료,미완료
W0002-C13,W0002,quarterly,읽음,통과,발견하지못함,,미완료,미완료
W0002-C14,W0002,practice,읽음,통과,발견하지못함,,미완료,미완료
W0002-C15,W0002,practice,읽음,통과,발견하지못함,,미완료,미완료
W0003-C01,W0003,practice,읽음,통과,발견하지못함,C-03:보기집합/힌트/해설 반복,미완료,미완료
W0003-C02,W0003,practice,읽음,통과,발견하지못함,C-03:보기집합/힌트/해설 반복,미완료,미완료
W0003-C03,W0003,practice,읽음,통과,발견하지못함,C-03:보기집합/힌트/해설 반복,미완료,미완료
W0003-C04,W0003,practice,읽음,통과,발견하지못함,C-03:보기집합/힌트/해설 반복,미완료,미완료
W0003-C05,W0003,practice,읽음,통과,발견하지못함,C-03:보기집합/힌트/해설 반복,미완료,미완료
W0003-C06,W0003,practice,읽음,통과,발견하지못함,C-03:보기집합/힌트/해설 반복,미완료,미완료
W0003-C07,W0003,pretest,읽음,통과,발견하지못함,C-03:보기집합/힌트/해설 반복,미완료,미완료
W0003-C08,W0003,posttest,읽음,통과,발견하지못함,C-03:보기집합/힌트/해설 반복,미완료,미완료
W0003-C09,W0003,delayed,읽음,통과,발견하지못함,C-03:보기집합/힌트/해설 반복,미완료,미완료
W0003-C10,W0003,weekly,읽음,통과,발견하지못함,C-03:보기집합/힌트/해설 반복,미완료,미완료
W0003-C11,W0003,weekly,읽음,통과,발견하지못함,C-03:보기집합/힌트/해설 반복,미완료,미완료
W0003-C12,W0003,monthly,읽음,통과,발견하지못함,C-03:보기집합/힌트/해설 반복,미완료,미완료
W0003-C13,W0003,quarterly,읽음,통과,발견하지못함,C-03:보기집합/힌트/해설 반복,미완료,미완료
W0003-C14,W0003,practice,읽음,통과,발견하지못함,C-03:보기집합/힌트/해설 반복,미완료,미완료
W0003-C15,W0003,practice,읽음,통과,발견하지못함,C-03:보기집합/힌트/해설 반복,미완료,미완료
W0004-C01,W0004,practice,읽음,통과,발견하지못함,,미완료,미완료
W0004-C02,W0004,practice,읽음,통과,발견하지못함,,미완료,미완료
W0004-C03,W0004,practice,읽음,통과,발견하지못함,,미완료,미완료
W0004-C04,W0004,practice,읽음,통과,발견하지못함,,미완료,미완료
W0004-C05,W0004,practice,읽음,통과,발견하지못함,,미완료,미완료
W0004-C06,W0004,practice,읽음,통과,발견하지못함,,미완료,미완료
W0004-C07,W0004,pretest,읽음,통과,발견하지못함,,미완료,미완료
W0004-C08,W0004,posttest,읽음,통과,발견하지못함,,미완료,미완료
W0004-C09,W0004,delayed,읽음,통과,발견하지못함,,미완료,미완료
W0004-C10,W0004,weekly,읽음,통과,발견하지못함,,미완료,미완료
W0004-C11,W0004,weekly,읽음,통과,발견하지못함,,미완료,미완료
W0004-C12,W0004,monthly,읽음,통과,발견하지못함,,미완료,미완료
W0004-C13,W0004,quarterly,읽음,통과,발견하지못함,,미완료,미완료
W0004-C14,W0004,practice,읽음,통과,발견하지못함,,미완료,미완료
W0004-C15,W0004,practice,읽음,통과,발견하지못함,,미완료,미완료
W0005-C01,W0005,practice,읽음,통과,발견하지못함,C-03:보기집합/힌트/해설 반복,미완료,미완료
W0005-C02,W0005,practice,읽음,통과,발견하지못함,C-03:보기집합/힌트/해설 반복,미완료,미완료
W0005-C03,W0005,practice,읽음,통과,발견하지못함,C-03:보기집합/힌트/해설 반복,미완료,미완료
W0005-C04,W0005,practice,읽음,통과,발견하지못함,C-03:보기집합/힌트/해설 반복,미완료,미완료
W0005-C05,W0005,practice,읽음,통과,발견하지못함,C-03:보기집합/힌트/해설 반복,미완료,미완료
W0005-C06,W0005,practice,읽음,통과,발견하지못함,C-03:보기집합/힌트/해설 반복,미완료,미완료
W0005-C07,W0005,pretest,읽음,통과,발견하지못함,C-03:보기집합/힌트/해설 반복,미완료,미완료
W0005-C08,W0005,posttest,읽음,통과,발견하지못함,C-03:보기집합/힌트/해설 반복,미완료,미완료
W0005-C09,W0005,delayed,읽음,통과,발견하지못함,C-03:보기집합/힌트/해설 반복,미완료,미완료
W0005-C10,W0005,weekly,읽음,통과,발견하지못함,C-03:보기집합/힌트/해설 반복,미완료,미완료
W0005-C11,W0005,weekly,읽음,통과,발견하지못함,C-03:보기집합/힌트/해설 반복,미완료,미완료
W0005-C12,W0005,monthly,읽음,통과,발견하지못함,C-03:보기집합/힌트/해설 반복,미완료,미완료
W0005-C13,W0005,quarterly,읽음,통과,발견하지못함,C-03:보기집합/힌트/해설 반복,미완료,미완료
W0005-C14,W0005,practice,읽음,통과,발견하지못함,C-03:보기집합/힌트/해설 반복,미완료,미완료
W0005-C15,W0005,practice,읽음,통과,발견하지못함,C-03:보기집합/힌트/해설 반복,미완료,미완료
W0006-C01,W0006,practice,읽음,통과,발견하지못함,C-03:보기집합/힌트/해설 반복,미완료,미완료
W0006-C02,W0006,practice,읽음,통과,발견하지못함,C-03:보기집합/힌트/해설 반복,미완료,미완료
W0006-C03,W0006,practice,읽음,통과,발견하지못함,C-03:보기집합/힌트/해설 반복,미완료,미완료
W0006-C04,W0006,practice,읽음,통과,발견하지못함,C-03:보기집합/힌트/해설 반복,미완료,미완료
W0006-C05,W0006,practice,읽음,통과,발견하지못함,C-03:보기집합/힌트/해설 반복,미완료,미완료
W0006-C06,W0006,practice,읽음,통과,발견하지못함,C-03:보기집합/힌트/해설 반복,미완료,미완료
W0006-C07,W0006,pretest,읽음,통과,발견하지못함,C-03:보기집합/힌트/해설 반복,미완료,미완료
W0006-C08,W0006,posttest,읽음,통과,발견하지못함,C-03:보기집합/힌트/해설 반복,미완료,미완료
W0006-C09,W0006,delayed,읽음,통과,발견하지못함,C-03:보기집합/힌트/해설 반복,미완료,미완료
W0006-C10,W0006,weekly,읽음,통과,발견하지못함,C-03:보기집합/힌트/해설 반복,미완료,미완료
W0006-C11,W0006,weekly,읽음,통과,발견하지못함,C-03:보기집합/힌트/해설 반복,미완료,미완료
W0006-C12,W0006,monthly,읽음,통과,발견하지못함,C-03:보기집합/힌트/해설 반복,미완료,미완료
W0006-C13,W0006,quarterly,읽음,통과,발견하지못함,C-03:보기집합/힌트/해설 반복,미완료,미완료
W0006-C14,W0006,practice,읽음,통과,발견하지못함,C-03:보기집합/힌트/해설 반복,미완료,미완료
W0006-C15,W0006,practice,읽음,통과,발견하지못함,C-03:보기집합/힌트/해설 반복,미완료,미완료
W0007-C01,W0007,practice,읽음,통과,발견하지못함,,미완료,미완료
W0007-C02,W0007,practice,읽음,통과,발견하지못함,,미완료,미완료
W0007-C03,W0007,practice,읽음,통과,발견하지못함,,미완료,미완료
W0007-C04,W0007,practice,읽음,통과,발견하지못함,,미완료,미완료
W0007-C05,W0007,practice,읽음,통과,발견하지못함,,미완료,미완료
W0007-C06,W0007,practice,읽음,통과,발견하지못함,,미완료,미완료
W0007-C07,W0007,pretest,읽음,통과,발견하지못함,,미완료,미완료
W0007-C08,W0007,posttest,읽음,통과,발견하지못함,,미완료,미완료
W0007-C09,W0007,delayed,읽음,통과,발견하지못함,,미완료,미완료
W0007-C10,W0007,weekly,읽음,통과,발견하지못함,,미완료,미완료
W0007-C11,W0007,weekly,읽음,통과,발견하지못함,,미완료,미완료
W0007-C12,W0007,monthly,읽음,통과,발견하지못함,,미완료,미완료
W0007-C13,W0007,quarterly,읽음,통과,발견하지못함,C-01:감정해소 문맥의 분노 대안 해석 가능성(미확정),미완료,미완료
W0007-C14,W0007,practice,읽음,통과,발견하지못함,,미완료,미완료
W0007-C15,W0007,practice,읽음,통과,발견하지못함,,미완료,미완료
W0008-C01,W0008,practice,읽음,통과,발견하지못함,C-03:보기집합/힌트/해설 반복,미완료,미완료
W0008-C02,W0008,practice,읽음,통과,발견하지못함,C-03:보기집합/힌트/해설 반복,미완료,미완료
W0008-C03,W0008,practice,읽음,통과,발견하지못함,C-03:보기집합/힌트/해설 반복,미완료,미완료
W0008-C04,W0008,practice,읽음,통과,발견하지못함,C-03:보기집합/힌트/해설 반복,미완료,미완료
W0008-C05,W0008,practice,읽음,통과,발견하지못함,C-03:보기집합/힌트/해설 반복,미완료,미완료
W0008-C06,W0008,practice,읽음,통과,발견하지못함,C-03:보기집합/힌트/해설 반복,미완료,미완료
W0008-C07,W0008,pretest,읽음,통과,발견하지못함,C-03:보기집합/힌트/해설 반복,미완료,미완료
W0008-C08,W0008,posttest,읽음,통과,발견하지못함,C-03:보기집합/힌트/해설 반복,미완료,미완료
W0008-C09,W0008,delayed,읽음,통과,발견하지못함,C-03:보기집합/힌트/해설 반복,미완료,미완료
W0008-C10,W0008,weekly,읽음,통과,발견하지못함,C-03:보기집합/힌트/해설 반복,미완료,미완료
W0008-C11,W0008,weekly,읽음,통과,발견하지못함,C-03:보기집합/힌트/해설 반복,미완료,미완료
W0008-C12,W0008,monthly,읽음,통과,발견하지못함,C-03:보기집합/힌트/해설 반복,미완료,미완료
W0008-C13,W0008,quarterly,읽음,통과,발견하지못함,C-03:보기집합/힌트/해설 반복,미완료,미완료
W0008-C14,W0008,practice,읽음,통과,발견하지못함,C-03:보기집합/힌트/해설 반복,미완료,미완료
W0008-C15,W0008,practice,읽음,통과,발견하지못함,C-03:보기집합/힌트/해설 반복,미완료,미완료
W0009-C01,W0009,practice,읽음,통과,발견하지못함,C-02:기간/유명함 편중;C-03:보기집합/힌트/해설 반복,미완료,미완료
W0009-C02,W0009,practice,읽음,통과,발견하지못함,C-02:기간/유명함 편중;C-03:보기집합/힌트/해설 반복,미완료,미완료
W0009-C03,W0009,practice,읽음,통과,발견하지못함,C-02:기간/유명함 편중;C-03:보기집합/힌트/해설 반복,미완료,미완료
W0009-C04,W0009,practice,읽음,통과,발견하지못함,C-02:기간/유명함 편중;C-03:보기집합/힌트/해설 반복,미완료,미완료
W0009-C05,W0009,practice,읽음,통과,발견하지못함,C-02:기간/유명함 편중;C-03:보기집합/힌트/해설 반복,미완료,미완료
W0009-C06,W0009,practice,읽음,통과,발견하지못함,C-02:기간/유명함 편중;C-03:보기집합/힌트/해설 반복,미완료,미완료
W0009-C07,W0009,pretest,읽음,통과,발견하지못함,C-02:기간/유명함 편중;C-03:보기집합/힌트/해설 반복,미완료,미완료
W0009-C08,W0009,posttest,읽음,통과,발견하지못함,C-02:기간/유명함 편중;C-03:보기집합/힌트/해설 반복,미완료,미완료
W0009-C09,W0009,delayed,읽음,통과,발견하지못함,C-02:기간/유명함 편중;C-03:보기집합/힌트/해설 반복,미완료,미완료
W0009-C10,W0009,weekly,읽음,통과,발견하지못함,C-02:기간/유명함 편중;C-03:보기집합/힌트/해설 반복,미완료,미완료
W0009-C11,W0009,weekly,읽음,통과,발견하지못함,C-02:기간/유명함 편중;C-03:보기집합/힌트/해설 반복,미완료,미완료
W0009-C12,W0009,monthly,읽음,통과,발견하지못함,C-02:기간/유명함 편중;C-03:보기집합/힌트/해설 반복,미완료,미완료
W0009-C13,W0009,quarterly,읽음,통과,발견하지못함,C-02:기간/유명함 편중;C-03:보기집합/힌트/해설 반복,미완료,미완료
W0009-C14,W0009,practice,읽음,통과,발견하지못함,C-02:기간/유명함 편중;C-03:보기집합/힌트/해설 반복,미완료,미완료
W0009-C15,W0009,practice,읽음,통과,발견하지못함,C-02:기간/유명함 편중;C-03:보기집합/힌트/해설 반복,미완료,미완료
W0010-C01,W0010,practice,읽음,통과,발견하지못함,C-03:보기집합/힌트/해설 반복,미완료,미완료
W0010-C02,W0010,practice,읽음,통과,발견하지못함,C-03:보기집합/힌트/해설 반복,미완료,미완료
W0010-C03,W0010,practice,읽음,통과,발견하지못함,C-03:보기집합/힌트/해설 반복,미완료,미완료
W0010-C04,W0010,practice,읽음,통과,발견하지못함,C-03:보기집합/힌트/해설 반복,미완료,미완료
W0010-C05,W0010,practice,읽음,통과,발견하지못함,C-03:보기집합/힌트/해설 반복,미완료,미완료
W0010-C06,W0010,practice,읽음,통과,발견하지못함,C-03:보기집합/힌트/해설 반복,미완료,미완료
W0010-C07,W0010,pretest,읽음,통과,발견하지못함,C-03:보기집합/힌트/해설 반복,미완료,미완료
W0010-C08,W0010,posttest,읽음,통과,발견하지못함,C-03:보기집합/힌트/해설 반복,미완료,미완료
W0010-C09,W0010,delayed,읽음,통과,발견하지못함,C-03:보기집합/힌트/해설 반복,미완료,미완료
W0010-C10,W0010,weekly,읽음,통과,발견하지못함,C-03:보기집합/힌트/해설 반복,미완료,미완료
W0010-C11,W0010,weekly,읽음,통과,발견하지못함,C-03:보기집합/힌트/해설 반복,미완료,미완료
W0010-C12,W0010,monthly,읽음,통과,발견하지못함,C-03:보기집합/힌트/해설 반복,미완료,미완료
W0010-C13,W0010,quarterly,읽음,통과,발견하지못함,C-03:보기집합/힌트/해설 반복,미완료,미완료
W0010-C14,W0010,practice,읽음,통과,발견하지못함,C-03:보기집합/힌트/해설 반복,미완료,미완료
W0010-C15,W0010,practice,읽음,통과,발견하지못함,C-03:보기집합/힌트/해설 반복,미완료,미완료
