단어ID,단어,작문유형,질문문장틀교사예시텍스트읽기,CSVJSON일치,내용교사승인
W0001,까탈,기본,읽음,통과,미완료
W0001,까탈,대체,읽음,통과,미완료
W0002,깜냥,기본,읽음,통과,미완료
W0002,깜냥,대체,읽음,통과,미완료
W0003,달포,기본,읽음,통과,미완료
W0003,달포,대체,읽음,통과,미완료
W0004,말미,기본,읽음,통과,미완료
W0004,말미,대체,읽음,통과,미완료
W0005,선잠,기본,읽음,통과,미완료
W0005,선잠,대체,읽음,통과,미완료
W0006,강단있는,기본,읽음,통과,미완료
W0006,강단있는,대체,읽음,통과,미완료
W0007,격의,기본,읽음,통과,미완료
W0007,격의,대체,읽음,통과,미완료
W0008,융통성,기본,읽음,통과,미완료
W0008,융통성,대체,읽음,통과,미완료
W0009,굴지,기본,읽음,통과,미완료
W0009,굴지,대체,읽음,통과,미완료
W0010,기탄없이,기본,읽음,통과,미완료
W0010,기탄없이,대체,읽음,통과,미완료
