원문ID,의미ID,원문단어,학습표시,작문구분,질문,문장틀,교사용예시,작문판정JSON,교사관찰안내JSON,승인상태
W0001,W0001-S1,까탈,까탈,기본,"합의한 일을 진행하려는데 사소하고 불필요한 조건을 자꾸 내세워 일이 막힌 상황을 만들어, 까탈을 넣어 한 문장을 쓰세요.",___이/가 ___에 까탈을 부려 ___이/가 늦어졌다.,친구가 이미 정한 색깔을 계속 바꾸자고 까탈을 부려 포스터 만들기가 늦어졌다.,"[{""id"": ""correct"", ""label"": ""정답""}, {""id"": ""incorrect"", ""label"": ""오답""}, {""id"": ""uncertain"", ""label"": ""검토(애매)""}]","[{""id"": ""meaning"", ""label"": ""뜻에 맞는 활용"", ""instruction"": ""이번 목표 뜻에 맞게 사용했는지 살펴보세요. 단어 포함 여부만으로 정답 처리하지 않습니다.""}, {""id"": ""context"", ""label"": ""상황과 근거"", ""instruction"": ""목표 뜻을 확인할 상황이나 근거가 문장에 드러나는지 살펴보세요.""}, {""id"": ""sentence"", ""label"": ""문장 성립과 자연스러움"", ""instruction"": ""하나의 문장으로 뜻이 전달되는지 확인하고 필요한 수정은 선택 코멘트로 안내하세요.""}]",draft
W0001,W0001-S1,까탈,까탈,대체,"준비한 일이 방해 조건 때문에 순조롭게 진행되지 못한 상황을 만들어, 까탈을 넣어 한 문장을 쓰세요.",___ 때문에 ___에 까탈이 생겨 ___했다.,사소한 조건을 계속 바꾸는 바람에 진행에 까탈이 생겨 준비가 늦어졌다.,"[{""id"": ""correct"", ""label"": ""정답""}, {""id"": ""incorrect"", ""label"": ""오답""}, {""id"": ""uncertain"", ""label"": ""검토(애매)""}]","[{""id"": ""meaning"", ""label"": ""뜻에 맞는 활용"", ""instruction"": ""이번 목표 뜻에 맞게 사용했는지 살펴보세요. 단어 포함 여부만으로 정답 처리하지 않습니다.""}, {""id"": ""context"", ""label"": ""상황과 근거"", ""instruction"": ""목표 뜻을 확인할 상황이나 근거가 문장에 드러나는지 살펴보세요.""}, {""id"": ""sentence"", ""label"": ""문장 성립과 자연스러움"", ""instruction"": ""하나의 문장으로 뜻이 전달되는지 확인하고 필요한 수정은 선택 코멘트로 안내하세요.""}]",draft
W0002,W0002-S1,깜냥,깜냥,기본,"자기 힘으로 어떤 일을 해낼 수 있었던 상황을 만들어, 깜냥을 넣어 한 문장을 쓰세요.",___은/는 ___을/를 해낼 깜냥이 있어 ___했다.,유나는 작은 책장을 혼자 조립할 깜냥이 있어 설명서를 보며 완성했다.,"[{""id"": ""correct"", ""label"": ""정답""}, {""id"": ""incorrect"", ""label"": ""오답""}, {""id"": ""uncertain"", ""label"": ""검토(애매)""}]","[{""id"": ""meaning"", ""label"": ""뜻에 맞는 활용"", ""instruction"": ""이번 목표 뜻에 맞게 사용했는지 살펴보세요. 단어 포함 여부만으로 정답 처리하지 않습니다.""}, {""id"": ""context"", ""label"": ""상황과 근거"", ""instruction"": ""목표 뜻을 확인할 상황이나 근거가 문장에 드러나는지 살펴보세요.""}, {""id"": ""sentence"", ""label"": ""문장 성립과 자연스러움"", ""instruction"": ""하나의 문장으로 뜻이 전달되는지 확인하고 필요한 수정은 선택 코멘트로 안내하세요.""}]",draft
W0002,W0002-S1,깜냥,깜냥,대체,"아직 혼자 감당하기 어려운 일이라 도움을 구한 상황을 만들어, 깜냥을 넣어 한 문장을 쓰세요.",내 깜냥으로는 ___하기 어려워 ___에게 도움을 구했다.,내 깜냥으로는 긴 공연을 혼자 준비하기 어려워 친구들에게 도움을 구했다.,"[{""id"": ""correct"", ""label"": ""정답""}, {""id"": ""incorrect"", ""label"": ""오답""}, {""id"": ""uncertain"", ""label"": ""검토(애매)""}]","[{""id"": ""meaning"", ""label"": ""뜻에 맞는 활용"", ""instruction"": ""이번 목표 뜻에 맞게 사용했는지 살펴보세요. 단어 포함 여부만으로 정답 처리하지 않습니다.""}, {""id"": ""context"", ""label"": ""상황과 근거"", ""instruction"": ""목표 뜻을 확인할 상황이나 근거가 문장에 드러나는지 살펴보세요.""}, {""id"": ""sentence"", ""label"": ""문장 성립과 자연스러움"", ""instruction"": ""하나의 문장으로 뜻이 전달되는지 확인하고 필요한 수정은 선택 코멘트로 안내하세요.""}]",draft
W0003,W0003-S1,달포,달포,기본,"한 달이 조금 넘게 어떤 일을 한 상황을 만들어, 달포를 넣어 한 문장을 쓰세요.",한 달이 조금 넘도록 ___하여 달포 만에 ___했다.,한 달이 조금 넘도록 연습하여 달포 만에 새 곡을 끝까지 연주했다.,"[{""id"": ""correct"", ""label"": ""정답""}, {""id"": ""incorrect"", ""label"": ""오답""}, {""id"": ""uncertain"", ""label"": ""검토(애매)""}]","[{""id"": ""meaning"", ""label"": ""뜻에 맞는 활용"", ""instruction"": ""이번 목표 뜻에 맞게 사용했는지 살펴보세요. 단어 포함 여부만으로 정답 처리하지 않습니다.""}, {""id"": ""context"", ""label"": ""상황과 근거"", ""instruction"": ""목표 뜻을 확인할 상황이나 근거가 문장에 드러나는지 살펴보세요.""}, {""id"": ""sentence"", ""label"": ""문장 성립과 자연스러움"", ""instruction"": ""하나의 문장으로 뜻이 전달되는지 확인하고 필요한 수정은 선택 코멘트로 안내하세요.""}]",draft
W0003,W0003-S1,달포,달포,대체,"한 달이 조금 넘은 뒤 다시 만난 상황을 만들어, 달포를 넣어 한 문장을 쓰세요.",___ 뒤 한 달이 조금 지나 달포 만에 ___을/를 만났다.,이사한 뒤 한 달이 조금 지나 달포 만에 옛 친구를 만났다.,"[{""id"": ""correct"", ""label"": ""정답""}, {""id"": ""incorrect"", ""label"": ""오답""}, {""id"": ""uncertain"", ""label"": ""검토(애매)""}]","[{""id"": ""meaning"", ""label"": ""뜻에 맞는 활용"", ""instruction"": ""이번 목표 뜻에 맞게 사용했는지 살펴보세요. 단어 포함 여부만으로 정답 처리하지 않습니다.""}, {""id"": ""context"", ""label"": ""상황과 근거"", ""instruction"": ""목표 뜻을 확인할 상황이나 근거가 문장에 드러나는지 살펴보세요.""}, {""id"": ""sentence"", ""label"": ""문장 성립과 자연스러움"", ""instruction"": ""하나의 문장으로 뜻이 전달되는지 확인하고 필요한 수정은 선택 코멘트로 안내하세요.""}]",draft
W0004,W0004-S1,말미,말미,기본,"다른 일을 마칠 수 있도록 시간 여유를 받은 상황을 만들어, 말미를 넣어 한 문장을 쓰세요.",___은/는 ___할 수 있도록 ___에게 말미를 주었다.,선생님은 자료를 고칠 수 있도록 우리에게 하루의 말미를 주셨다.,"[{""id"": ""correct"", ""label"": ""정답""}, {""id"": ""incorrect"", ""label"": ""오답""}, {""id"": ""uncertain"", ""label"": ""검토(애매)""}]","[{""id"": ""meaning"", ""label"": ""뜻에 맞는 활용"", ""instruction"": ""이번 목표 뜻에 맞게 사용했는지 살펴보세요. 단어 포함 여부만으로 정답 처리하지 않습니다.""}, {""id"": ""context"", ""label"": ""상황과 근거"", ""instruction"": ""목표 뜻을 확인할 상황이나 근거가 문장에 드러나는지 살펴보세요.""}, {""id"": ""sentence"", ""label"": ""문장 성립과 자연스러움"", ""instruction"": ""하나의 문장으로 뜻이 전달되는지 확인하고 필요한 수정은 선택 코멘트로 안내하세요.""}]",draft
W0004,W0004-S1,말미,말미,대체,"바쁜 일정 중 다른 일을 할 짬을 얻은 상황을 만들어, 말미를 넣어 한 문장을 쓰세요.",___할 말미를 얻어 ___했다.,집안일을 마친 나는 책을 읽을 말미를 얻어 짧은 이야기를 읽었다.,"[{""id"": ""correct"", ""label"": ""정답""}, {""id"": ""incorrect"", ""label"": ""오답""}, {""id"": ""uncertain"", ""label"": ""검토(애매)""}]","[{""id"": ""meaning"", ""label"": ""뜻에 맞는 활용"", ""instruction"": ""이번 목표 뜻에 맞게 사용했는지 살펴보세요. 단어 포함 여부만으로 정답 처리하지 않습니다.""}, {""id"": ""context"", ""label"": ""상황과 근거"", ""instruction"": ""목표 뜻을 확인할 상황이나 근거가 문장에 드러나는지 살펴보세요.""}, {""id"": ""sentence"", ""label"": ""문장 성립과 자연스러움"", ""instruction"": ""하나의 문장으로 뜻이 전달되는지 확인하고 필요한 수정은 선택 코멘트로 안내하세요.""}]",draft
W0005,W0005-S1,선잠,선잠,기본,"작은 소리 때문에 깊이 잠들지 못한 상황을 떠올려, 선잠을 넣어 한 문장을 쓰세요.",___ 때문에 ___은/는 선잠을 ___ .,동생이 뒤척이는 소리 때문에 나는 선잠을 자다가 여러 번 깼다.,"[{""id"": ""correct"", ""label"": ""정답""}, {""id"": ""incorrect"", ""label"": ""오답""}, {""id"": ""uncertain"", ""label"": ""검토(애매)""}]","[{""id"": ""meaning"", ""label"": ""뜻에 맞는 활용"", ""instruction"": ""이번 목표 뜻에 맞게 사용했는지 살펴보세요. 단어 포함 여부만으로 정답 처리하지 않습니다.""}, {""id"": ""context"", ""label"": ""상황과 근거"", ""instruction"": ""목표 뜻을 확인할 상황이나 근거가 문장에 드러나는지 살펴보세요.""}, {""id"": ""sentence"", ""label"": ""문장 성립과 자연스러움"", ""instruction"": ""하나의 문장으로 뜻이 전달되는지 확인하고 필요한 수정은 선택 코멘트로 안내하세요.""}]",draft
W0005,W0005-S1,선잠,선잠,대체,"여행 중 낯선 곳에서 깊이 잠들지 못한 상황을 만들어, 선잠을 넣어 한 문장을 쓰세요.",낯선 ___에서 ___ 때문에 선잠을 ___ .,낯선 숙소에서 긴장한 나는 깊이 잠들지 못하고 선잠을 잤다.,"[{""id"": ""correct"", ""label"": ""정답""}, {""id"": ""incorrect"", ""label"": ""오답""}, {""id"": ""uncertain"", ""label"": ""검토(애매)""}]","[{""id"": ""meaning"", ""label"": ""뜻에 맞는 활용"", ""instruction"": ""이번 목표 뜻에 맞게 사용했는지 살펴보세요. 단어 포함 여부만으로 정답 처리하지 않습니다.""}, {""id"": ""context"", ""label"": ""상황과 근거"", ""instruction"": ""목표 뜻을 확인할 상황이나 근거가 문장에 드러나는지 살펴보세요.""}, {""id"": ""sentence"", ""label"": ""문장 성립과 자연스러움"", ""instruction"": ""하나의 문장으로 뜻이 전달되는지 확인하고 필요한 수정은 선택 코멘트로 안내하세요.""}]",draft
W0006,W0006-S1,강단있는,강단 있는,기본,"충분히 생각한 뒤 필요한 일을 굳게 결정하여 실행한 상황을 만들어, 「강단 있는」을 사용해 한 문장을 쓰세요.",___은/는 ___하기로 굳게 결정해 실행한 강단 있는 ___이다.,민서는 잘못을 고치기로 굳게 결정해 실행한 강단 있는 사람이다.,"[{""id"": ""correct"", ""label"": ""정답""}, {""id"": ""incorrect"", ""label"": ""오답""}, {""id"": ""uncertain"", ""label"": ""검토(애매)""}]","[{""id"": ""meaning"", ""label"": ""뜻에 맞는 활용"", ""instruction"": ""이번 목표 뜻에 맞게 사용했는지 살펴보세요. 단어 포함 여부만으로 정답 처리하지 않습니다.""}, {""id"": ""context"", ""label"": ""상황과 근거"", ""instruction"": ""목표 뜻을 확인할 상황이나 근거가 문장에 드러나는지 살펴보세요.""}, {""id"": ""sentence"", ""label"": ""문장 성립과 자연스러움"", ""instruction"": ""하나의 문장으로 뜻이 전달되는지 확인하고 필요한 수정은 선택 코멘트로 안내하세요.""}]",draft
W0006,W0006-S1,강단있는,강단 있는,대체,"반대 의견도 살펴본 뒤 옳다고 판단한 결정을 지킨 상황을 만들어, 「강단 있는」을 사용해 한 문장을 쓰세요.",___은/는 ___을/를 살펴본 뒤 ___하여 강단 있는 태도를 보였다.,반장은 반대 의견을 살펴본 뒤 필요한 결정을 끝까지 실행하여 강단 있는 태도를 보였다.,"[{""id"": ""correct"", ""label"": ""정답""}, {""id"": ""incorrect"", ""label"": ""오답""}, {""id"": ""uncertain"", ""label"": ""검토(애매)""}]","[{""id"": ""meaning"", ""label"": ""뜻에 맞는 활용"", ""instruction"": ""이번 목표 뜻에 맞게 사용했는지 살펴보세요. 단어 포함 여부만으로 정답 처리하지 않습니다.""}, {""id"": ""context"", ""label"": ""상황과 근거"", ""instruction"": ""목표 뜻을 확인할 상황이나 근거가 문장에 드러나는지 살펴보세요.""}, {""id"": ""sentence"", ""label"": ""문장 성립과 자연스러움"", ""instruction"": ""하나의 문장으로 뜻이 전달되는지 확인하고 필요한 수정은 선택 코멘트로 안내하세요.""}]",draft
W0007,W0007-S1,격의,격의,기본,"서로 속마음을 편하게 이야기한 상황을 만들어, 격의를 넣어 한 문장을 쓰세요.",___와/과 속마음을 터놓고 격의 없이 ___했다.,나는 오랜 친구와 속마음을 터놓고 격의 없이 이야기했다.,"[{""id"": ""correct"", ""label"": ""정답""}, {""id"": ""incorrect"", ""label"": ""오답""}, {""id"": ""uncertain"", ""label"": ""검토(애매)""}]","[{""id"": ""meaning"", ""label"": ""뜻에 맞는 활용"", ""instruction"": ""이번 목표 뜻에 맞게 사용했는지 살펴보세요. 단어 포함 여부만으로 정답 처리하지 않습니다.""}, {""id"": ""context"", ""label"": ""상황과 근거"", ""instruction"": ""목표 뜻을 확인할 상황이나 근거가 문장에 드러나는지 살펴보세요.""}, {""id"": ""sentence"", ""label"": ""문장 성립과 자연스러움"", ""instruction"": ""하나의 문장으로 뜻이 전달되는지 확인하고 필요한 수정은 선택 코멘트로 안내하세요.""}]",draft
W0007,W0007-S1,격의,격의,대체,"처음에는 마음의 거리가 있었지만 대화하며 가까워진 상황을 만들어, 격의를 넣어 한 문장을 쓰세요.",처음에는 격의가 있었지만 ___하여 ___했다.,처음에는 격의가 있었지만 서로 고민을 이야기하며 마음이 가까워졌다.,"[{""id"": ""correct"", ""label"": ""정답""}, {""id"": ""incorrect"", ""label"": ""오답""}, {""id"": ""uncertain"", ""label"": ""검토(애매)""}]","[{""id"": ""meaning"", ""label"": ""뜻에 맞는 활용"", ""instruction"": ""이번 목표 뜻에 맞게 사용했는지 살펴보세요. 단어 포함 여부만으로 정답 처리하지 않습니다.""}, {""id"": ""context"", ""label"": ""상황과 근거"", ""instruction"": ""목표 뜻을 확인할 상황이나 근거가 문장에 드러나는지 살펴보세요.""}, {""id"": ""sentence"", ""label"": ""문장 성립과 자연스러움"", ""instruction"": ""하나의 문장으로 뜻이 전달되는지 확인하고 필요한 수정은 선택 코멘트로 안내하세요.""}]",draft
W0008,W0008-S1,융통성,융통성,기본,"상황이 달라져 목적에 맞게 방법을 바꾼 경험을 만들어, 융통성을 넣어 한 문장을 쓰세요.",___이/가 달라지자 ___을/를 조정하여 융통성을 발휘했다.,비가 오자 선생님은 안전한 실내 활동으로 계획을 바꾸어 융통성을 발휘했다.,"[{""id"": ""correct"", ""label"": ""정답""}, {""id"": ""incorrect"", ""label"": ""오답""}, {""id"": ""uncertain"", ""label"": ""검토(애매)""}]","[{""id"": ""meaning"", ""label"": ""뜻에 맞는 활용"", ""instruction"": ""이번 목표 뜻에 맞게 사용했는지 살펴보세요. 단어 포함 여부만으로 정답 처리하지 않습니다.""}, {""id"": ""context"", ""label"": ""상황과 근거"", ""instruction"": ""목표 뜻을 확인할 상황이나 근거가 문장에 드러나는지 살펴보세요.""}, {""id"": ""sentence"", ""label"": ""문장 성립과 자연스러움"", ""instruction"": ""하나의 문장으로 뜻이 전달되는지 확인하고 필요한 수정은 선택 코멘트로 안내하세요.""}]",draft
W0008,W0008-S1,융통성,융통성,대체,"준비물이나 일정이 달라졌지만 목적을 지키며 다른 방법을 찾은 상황을 만들어, 융통성을 넣어 한 문장을 쓰세요.",___이/가 없어 ___을/를 대신 사용하여 융통성을 발휘했다.,일부 재료가 없어 같은 목적의 안전한 대체 재료를 사용하여 융통성을 발휘했다.,"[{""id"": ""correct"", ""label"": ""정답""}, {""id"": ""incorrect"", ""label"": ""오답""}, {""id"": ""uncertain"", ""label"": ""검토(애매)""}]","[{""id"": ""meaning"", ""label"": ""뜻에 맞는 활용"", ""instruction"": ""이번 목표 뜻에 맞게 사용했는지 살펴보세요. 단어 포함 여부만으로 정답 처리하지 않습니다.""}, {""id"": ""context"", ""label"": ""상황과 근거"", ""instruction"": ""목표 뜻을 확인할 상황이나 근거가 문장에 드러나는지 살펴보세요.""}, {""id"": ""sentence"", ""label"": ""문장 성립과 자연스러움"", ""instruction"": ""하나의 문장으로 뜻이 전달되는지 확인하고 필요한 수정은 선택 코멘트로 안내하세요.""}]",draft
W0009,W0009-S1,굴지,굴지,기본,"많은 곳 가운데 손꼽힐 만큼 뛰어난 성과를 낸 기관이나 사람을 상상하여, 굴지를 넣어 한 문장을 쓰세요.",___은/는 오랫동안 뛰어난 ___으로 굴지의 ___이/가 되었다.,그 연구소는 오랫동안 뛰어난 연구 성과를 내어 국내 굴지의 연구소로 인정받았다.,"[{""id"": ""correct"", ""label"": ""정답""}, {""id"": ""incorrect"", ""label"": ""오답""}, {""id"": ""uncertain"", ""label"": ""검토(애매)""}]","[{""id"": ""meaning"", ""label"": ""뜻에 맞는 활용"", ""instruction"": ""이번 목표 뜻에 맞게 사용했는지 살펴보세요. 단어 포함 여부만으로 정답 처리하지 않습니다.""}, {""id"": ""context"", ""label"": ""상황과 근거"", ""instruction"": ""목표 뜻을 확인할 상황이나 근거가 문장에 드러나는지 살펴보세요.""}, {""id"": ""sentence"", ""label"": ""문장 성립과 자연스러움"", ""instruction"": ""하나의 문장으로 뜻이 전달되는지 확인하고 필요한 수정은 선택 코멘트로 안내하세요.""}]",draft
W0009,W0009-S1,굴지,굴지,대체,"오랫동안 뛰어난 실력으로 손꼽힌 선수나 공연 단체를 상상하여, 굴지를 넣어 한 문장을 쓰세요.",___은/는 ___에서 손꼽히는 성과를 내어 굴지의 ___로 인정받았다.,그 악단은 세계 무대에서 손꼽히는 연주 실력을 보여 굴지의 악단으로 인정받았다.,"[{""id"": ""correct"", ""label"": ""정답""}, {""id"": ""incorrect"", ""label"": ""오답""}, {""id"": ""uncertain"", ""label"": ""검토(애매)""}]","[{""id"": ""meaning"", ""label"": ""뜻에 맞는 활용"", ""instruction"": ""이번 목표 뜻에 맞게 사용했는지 살펴보세요. 단어 포함 여부만으로 정답 처리하지 않습니다.""}, {""id"": ""context"", ""label"": ""상황과 근거"", ""instruction"": ""목표 뜻을 확인할 상황이나 근거가 문장에 드러나는지 살펴보세요.""}, {""id"": ""sentence"", ""label"": ""문장 성립과 자연스러움"", ""instruction"": ""하나의 문장으로 뜻이 전달되는지 확인하고 필요한 수정은 선택 코멘트로 안내하세요.""}]",draft
W0010,W0010-S1,기탄없이,기탄없이,기본,"솔직한 의견을 부탁받고 주저하지 않은 채 생각을 말한 상황을 만들어, 「기탄없이」를 사용해 한 문장을 쓰세요.",___이/가 의견을 부탁하자 ___을/를 기탄없이 말했다.,선생님이 의견을 부탁하자 나는 수업의 개선점을 기탄없이 말했다.,"[{""id"": ""correct"", ""label"": ""정답""}, {""id"": ""incorrect"", ""label"": ""오답""}, {""id"": ""uncertain"", ""label"": ""검토(애매)""}]","[{""id"": ""meaning"", ""label"": ""뜻에 맞는 활용"", ""instruction"": ""이번 목표 뜻에 맞게 사용했는지 살펴보세요. 단어 포함 여부만으로 정답 처리하지 않습니다.""}, {""id"": ""context"", ""label"": ""상황과 근거"", ""instruction"": ""목표 뜻을 확인할 상황이나 근거가 문장에 드러나는지 살펴보세요.""}, {""id"": ""sentence"", ""label"": ""문장 성립과 자연스러움"", ""instruction"": ""하나의 문장으로 뜻이 전달되는지 확인하고 필요한 수정은 선택 코멘트로 안내하세요.""}]",draft
W0010,W0010-S1,기탄없이,기탄없이,대체,"토의에서 말을 돌리지 않고 필요한 생각을 직접 전한 상황을 만들어, 「기탄없이」를 사용해 한 문장을 쓰세요.",___에서 ___을/를 기탄없이 밝혔다.,자유로운 토의에서 민서는 자신이 생각한 다른 방법을 기탄없이 밝혔다.,"[{""id"": ""correct"", ""label"": ""정답""}, {""id"": ""incorrect"", ""label"": ""오답""}, {""id"": ""uncertain"", ""label"": ""검토(애매)""}]","[{""id"": ""meaning"", ""label"": ""뜻에 맞는 활용"", ""instruction"": ""이번 목표 뜻에 맞게 사용했는지 살펴보세요. 단어 포함 여부만으로 정답 처리하지 않습니다.""}, {""id"": ""context"", ""label"": ""상황과 근거"", ""instruction"": ""목표 뜻을 확인할 상황이나 근거가 문장에 드러나는지 살펴보세요.""}, {""id"": ""sentence"", ""label"": ""문장 성립과 자연스러움"", ""instruction"": ""하나의 문장으로 뜻이 전달되는지 확인하고 필요한 수정은 선택 코멘트로 안내하세요.""}]",draft
