원문ID,의미ID,단어,PDF쪽,원문행,원문뜻,원문예문,진단뜻초안,진단뜻사전검증,원문교정이슈,새쉬운풀이초안,뜻범위,사용주의,활용예시,기본작문질문,기본문장틀,기본교사예시,대체작문질문,대체문장틀,대체교사예시,승인상태
W0001,W0001-S1,까탈,1,1,일이 순조롭지 않게 방해하는 일,예) 그녀는 까탈을 부리다,일이 순조롭게 진행되지 못하게 방해하는 조건이나 트집.,False,,일이 순조롭게 진행되지 못하게 방해하는 조건이나 트집.,일의 진행을 방해하는 조건이나 트집이라는 뜻으로 다룬다. 정당한 확인·안전 요구를 불필요한 방해로 평가하지 않는다.,까탈이 생기다·까탈을 부리다처럼 쓴다. 왜 일이 막히거나 지연되었는지 상황을 함께 쓴다.,까탈 / 까탈을 / 까탈이 / 까탈 없이,"합의한 일을 진행하려는데 사소하고 불필요한 조건을 자꾸 내세워 일이 막힌 상황을 만들어, 까탈을 넣어 한 문장을 쓰세요.",___이/가 ___에 까탈을 부려 ___이/가 늦어졌다.,친구가 이미 정한 색깔을 계속 바꾸자고 까탈을 부려 포스터 만들기가 늦어졌다.,"준비한 일이 방해 조건 때문에 순조롭게 진행되지 못한 상황을 만들어, 까탈을 넣어 한 문장을 쓰세요.",___ 때문에 ___에 까탈이 생겨 ___했다.,사소한 조건을 계속 바꾸는 바람에 진행에 까탈이 생겨 준비가 늦어졌다.,draft
W0002,W0002-S1,깜냥,1,2,일을 해낼 만한 본인 능력,예) 성공을 위해 깜냥을 발휘하다,어떤 일을 해낼 수 있는 스스로의 능력.,False,,어떤 일을 해낼 수 있는 스스로의 능력.,자기 힘으로 일을 감당할 수 있는 능력이라는 뜻만 다룬다. 학생의 고정된 능력 수준으로 낙인찍지 않는다.,깜냥이 되다·깜냥으로 해내다·깜냥을 발휘하다처럼 쓴다. 무슨 일을 얼마나 해낼 수 있는지 드러낸다.,깜냥 / 깜냥이 / 깜냥을 / 깜냥으로,"자기 힘으로 어떤 일을 해낼 수 있었던 상황을 만들어, 깜냥을 넣어 한 문장을 쓰세요.",___은/는 ___을/를 해낼 깜냥이 있어 ___했다.,유나는 작은 책장을 혼자 조립할 깜냥이 있어 설명서를 보며 완성했다.,"아직 혼자 감당하기 어려운 일이라 도움을 구한 상황을 만들어, 깜냥을 넣어 한 문장을 쓰세요.",내 깜냥으로는 ___하기 어려워 ___에게 도움을 구했다.,내 깜냥으로는 긴 공연을 혼자 준비하기 어려워 친구들에게 도움을 구했다.,draft
W0003,W0003-S1,달포,1,3,한 달이 조금 넘는 기간,예) 달포 만에 고향에 도착하다,한 달이 조금 넘는 기간.,False,,한 달이 조금 넘는 기간.,한 달보다 조금 긴 기간이라는 뜻. 정확히 며칠로 고정하지 않는다. 한 해가 조금 넘는 해포와 구별한다.,달포 동안·달포 만에처럼 쓴다. 기간을 드러내는 문맥에서 사용한다.,달포 / 달포 동안 / 달포 만에,"한 달이 조금 넘게 어떤 일을 한 상황을 만들어, 달포를 넣어 한 문장을 쓰세요.",한 달이 조금 넘도록 ___하여 달포 만에 ___했다.,한 달이 조금 넘도록 연습하여 달포 만에 새 곡을 끝까지 연주했다.,"한 달이 조금 넘은 뒤 다시 만난 상황을 만들어, 달포를 넣어 한 문장을 쓰세요.",___ 뒤 한 달이 조금 지나 달포 만에 ___을/를 만났다.,이사한 뒤 한 달이 조금 지나 달포 만에 옛 친구를 만났다.,draft
W0004,W0004-S1,말미,1,4,다른 일로 얻게 되는 여유,예)이사 계획에 말미를 주다,다른 일을 하려고 잠시 마련한 시간이나 여유.,False,I034,다른 일을 하려고 잠시 마련한 시간이나 여유.,다른 일을 하기 위해 마련하거나 허락받은 시간 여유라는 뜻만 다룬다. 글·말의 끝부분이라는 다른 뜻은 제외한다.,말미를 주다·말미를 얻다처럼 쓴다. 무엇을 하려고 어떤 시간 여유를 마련했는지 드러낸다.,말미 / 말미를 / 말미가 / 말미를 주었다 / 말미를 얻었다,"다른 일을 마칠 수 있도록 시간 여유를 받은 상황을 만들어, 말미를 넣어 한 문장을 쓰세요.",___은/는 ___할 수 있도록 ___에게 말미를 주었다.,선생님은 자료를 고칠 수 있도록 우리에게 하루의 말미를 주셨다.,"바쁜 일정 중 다른 일을 할 짬을 얻은 상황을 만들어, 말미를 넣어 한 문장을 쓰세요.",___할 말미를 얻어 ___했다.,집안일을 마친 나는 책을 읽을 말미를 얻어 짧은 이야기를 읽었다.,draft
W0005,W0005-S1,선잠,1,5,깊이 들지 못하고 깬 잠,예) 시험기간에는 선잠만 잤다,깊이 들지 못하고 가볍게 잔 잠.,False,,깊이 들지 못하고 가볍게 잔 잠.,잠의 깊이가 얕아 쉽게 깨는 상태. 짧게 잤다는 시간만으로 판단하지 않는다.,"선잠을 자다·선잠이 들다·선잠에서 깨다처럼 쓴다. 낮잠은 잔 시간대, 늦잠은 늦게까지 자는 것을 가리킨다.",선잠 / 선잠을 / 선잠이 / 선잠에서,"작은 소리 때문에 깊이 잠들지 못한 상황을 떠올려, 선잠을 넣어 한 문장을 쓰세요.",___ 때문에 ___은/는 선잠을 ___ .,동생이 뒤척이는 소리 때문에 나는 선잠을 자다가 여러 번 깼다.,"여행 중 낯선 곳에서 깊이 잠들지 못한 상황을 만들어, 선잠을 넣어 한 문장을 쓰세요.",낯선 ___에서 ___ 때문에 선잠을 ___ .,낯선 숙소에서 긴장한 나는 깊이 잠들지 못하고 선잠을 잤다.,draft
W0006,W0006-S1,강단있는,1,6,굳세고 강하게 결단하는 힘,예) 그는 강단이 있는 성격이다,옳다고 판단한 일을 굳세게 결단하고 실행하는 힘을 가진.,False,I032,옳다고 판단한 일을 굳세게 결단하고 실행하는 힘을 가진.,굳세게 결단하는 힘을 가진 태도·사람을 나타낸다. 남의 의견을 듣지 않는 고집과 같은 뜻으로 가르치지 않는다.,강단 있는 태도·강단 있는 사람처럼 쓴다. 강단이 있는으로 풀어 쓸 수 있다. 표제어 원문 강단있는은 보존하고 학습 표시만 띄어쓴다.,강단 있는 / 강단있는 / 강단이 있는,"충분히 생각한 뒤 필요한 일을 굳게 결정하여 실행한 상황을 만들어, 「강단 있는」을 사용해 한 문장을 쓰세요.",___은/는 ___하기로 굳게 결정해 실행한 강단 있는 ___이다.,민서는 잘못을 고치기로 굳게 결정해 실행한 강단 있는 사람이다.,"반대 의견도 살펴본 뒤 옳다고 판단한 결정을 지킨 상황을 만들어, 「강단 있는」을 사용해 한 문장을 쓰세요.",___은/는 ___을/를 살펴본 뒤 ___하여 강단 있는 태도를 보였다.,반장은 반대 의견을 살펴본 뒤 필요한 결정을 끝까지 실행하여 강단 있는 태도를 보였다.,draft
W0007,W0007-S1,격의,1,7,속마음을 터놓지 않아 느끼는 거리감,예) 친구랑 격의 없는 대화를 하다,서로 속마음을 터놓지 않아 느끼는 마음의 거리감.,False,,서로 속마음을 터놓지 않아 느끼는 마음의 거리감.,사람 사이의 마음의 거리감이라는 뜻. 예의나 존경 자체와 같은 뜻으로 보지 않는다.,격의 없이·격의 없는 대화처럼 쓴다. 속마음을 터놓을 수 있는지 드러낸다.,격의 / 격의가 / 격의 없이 / 격의 없는,"서로 속마음을 편하게 이야기한 상황을 만들어, 격의를 넣어 한 문장을 쓰세요.",___와/과 속마음을 터놓고 격의 없이 ___했다.,나는 오랜 친구와 속마음을 터놓고 격의 없이 이야기했다.,"처음에는 마음의 거리가 있었지만 대화하며 가까워진 상황을 만들어, 격의를 넣어 한 문장을 쓰세요.",처음에는 격의가 있었지만 ___하여 ___했다.,처음에는 격의가 있었지만 서로 고민을 이야기하며 마음이 가까워졌다.,draft
W0008,W0008-S1,융통성,1,8,형세에 따라 일을 처리하는 재주,예) 융통성이 없이 꽉 막힌 사람,상황에 맞게 방법을 조정하여 일을 처리하는 능력.,False,I001,상황에 맞게 방법을 조정하여 일을 처리하는 능력.,상황에 맞게 방법을 조정하는 뜻. 이번 학습 예문은 목적과 안전·운영 규칙을 지키며 방법을 조정하는 경우로 한정한다. 이를 사전적 의미의 필수 조건을 추가한 것으로 보지 않는다.,융통성을 발휘하다·융통성이 있다처럼 쓴다. 상황 변화와 방법 조정을 함께 표현한다.,융통성 / 융통성이 / 융통성을,"상황이 달라져 목적에 맞게 방법을 바꾼 경험을 만들어, 융통성을 넣어 한 문장을 쓰세요.",___이/가 달라지자 ___을/를 조정하여 융통성을 발휘했다.,비가 오자 선생님은 안전한 실내 활동으로 계획을 바꾸어 융통성을 발휘했다.,"준비물이나 일정이 달라졌지만 목적을 지키며 다른 방법을 찾은 상황을 만들어, 융통성을 넣어 한 문장을 쓰세요.",___이/가 없어 ___을/를 대신 사용하여 융통성을 발휘했다.,일부 재료가 없어 같은 목적의 안전한 대체 재료를 사용하여 융통성을 발휘했다.,draft
W0009,W0009-S1,굴지,1,9,손가락을 꼽을 만큼 뛰어남,예) 삼성은 국내 굴지의 기업이다,많은 대상 가운데 손꼽힐 만큼 뛰어남.,False,,많은 대상 가운데 손꼽힐 만큼 뛰어남.,손꼽힐 만큼 뛰어난 기업·기관·사람을 나타내는 뜻. 널리 알려졌다는 사실만으로 뛰어난 성과를 대신하지 않는다.,굴지의 기업·굴지의 선수처럼 의와 함께 쓴다. 어떤 분야에서 얼마나 뛰어난지 드러낸다.,굴지 / 굴지의,"많은 곳 가운데 손꼽힐 만큼 뛰어난 성과를 낸 기관이나 사람을 상상하여, 굴지를 넣어 한 문장을 쓰세요.",___은/는 오랫동안 뛰어난 ___으로 굴지의 ___이/가 되었다.,그 연구소는 오랫동안 뛰어난 연구 성과를 내어 국내 굴지의 연구소로 인정받았다.,"오랫동안 뛰어난 실력으로 손꼽힌 선수나 공연 단체를 상상하여, 굴지를 넣어 한 문장을 쓰세요.",___은/는 ___에서 손꼽히는 성과를 내어 굴지의 ___로 인정받았다.,그 악단은 세계 무대에서 손꼽히는 연주 실력을 보여 굴지의 악단으로 인정받았다.,draft
W0010,W0010-S1,기탄없이,1,10,꺼리거나 사양하지 않고,예) 불만을 기탄없이 말하다,꺼리거나 어려워하지 않고.,False,I033,꺼리거나 어려워하지 않고.,의견·생각을 꺼리거나 어려워하지 않고 말할 때 쓴다. 무례하게 말한다는 뜻과 같은 것으로 가르치지 않는다.,기탄없이 말하다·기탄없이 의견을 밝히다처럼 쓴다. 기탄없이 뒤에 없이를 다시 붙이지 않는다.,기탄없이,"솔직한 의견을 부탁받고 주저하지 않은 채 생각을 말한 상황을 만들어, 「기탄없이」를 사용해 한 문장을 쓰세요.",___이/가 의견을 부탁하자 ___을/를 기탄없이 말했다.,선생님이 의견을 부탁하자 나는 수업의 개선점을 기탄없이 말했다.,"토의에서 말을 돌리지 않고 필요한 생각을 직접 전한 상황을 만들어, 「기탄없이」를 사용해 한 문장을 쓰세요.",___에서 ___을/를 기탄없이 밝혔다.,자유로운 토의에서 민서는 자신이 생각한 다른 방법을 기탄없이 밝혔다.,draft
