원문ID,수록순서,10단어묶음,교재표제어,PDF쪽,쪽내행,원문인쇄번호,원문사전뜻,원문예문,교정이슈,승인상태
W0001,1,T01,까탈,1,1,1,일이 순조롭지 않게 방해하는 일,예) 그녀는 까탈을 부리다,,teacher_review_required
W0002,2,T01,깜냥,1,2,2,일을 해낼 만한 본인 능력,예) 성공을 위해 깜냥을 발휘하다,,teacher_review_required
W0003,3,T01,달포,1,3,3,한 달이 조금 넘는 기간,예) 달포 만에 고향에 도착하다,,teacher_review_required
W0004,4,T01,말미,1,4,4,다른 일로 얻게 되는 여유,예)이사 계획에 말미를 주다,I034,teacher_review_required
W0005,5,T01,선잠,1,5,5,깊이 들지 못하고 깬 잠,예) 시험기간에는 선잠만 잤다,,teacher_review_required
W0006,6,T01,강단있는,1,6,6,굳세고 강하게 결단하는 힘,예) 그는 강단이 있는 성격이다,I032,teacher_review_required
W0007,7,T01,격의,1,7,7,속마음을 터놓지 않아 느끼는 거리감,예) 친구랑 격의 없는 대화를 하다,,teacher_review_required
W0008,8,T01,융통성,1,8,8,형세에 따라 일을 처리하는 재주,예) 융통성이 없이 꽉 막힌 사람,I001,teacher_review_required
W0009,9,T01,굴지,1,9,9,손가락을 꼽을 만큼 뛰어남,예) 삼성은 국내 굴지의 기업이다,,teacher_review_required
W0010,10,T01,기탄없이,1,10,10,꺼리거나 사양하지 않고,예) 불만을 기탄없이 말하다,I033,teacher_review_required
W0011,11,T02,환호,1,11,11,기뻐서 큰 소리로 부르짖음.,예) 골이 들어간 순간 모두 환호했다,,teacher_review_required
W0012,12,T02,점령,1,12,12,일정한 땅을 차지하여 제 것으로  함,예) 미군이 전 지역을 점령했다,I002,teacher_review_required
W0013,13,T02,방탕,1,13,13,주색잡기에 빠져 행실이 좋지 못함,예) 방탕한 삶에는 미래가 없다,I003,teacher_review_required
W0014,14,T02,수렴하다,1,14,14,여러 의견이나 생각을 하나로 모음,예) 회원들 의견을 수렴했다,,teacher_review_required
W0015,15,T02,참전하다,1,15,15,전쟁에 참가함,예) 할아버지는 월남전에 참전하셨다,I004,teacher_review_required
W0016,16,T02,섣달,3,1,16,음력으로 한 해의 마지막 달,예) 섣달그믐이 지나면 새해다,,teacher_review_required
W0017,17,T02,섬돌,3,2,17,오르내릴 수 있게 놓은 돌층계,예) 섬돌 위에 신발을 놓다,,teacher_review_required
W0018,18,T02,어림,3,3,18,대충 들어맞추어 짐작함,예) 어림도 없는 소리 하지 마라,,teacher_review_required
W0019,19,T02,오금,3,4,19,무릎의 구부러지는 오목한 안쪽,예) 오래 앉아 있어 오금이 저리다,,teacher_review_required
W0020,20,T02,갈무리,3,5,20,물건을 잘 정리해서 저장함,예) 곡식을 갈무리하다,,teacher_review_required
W0021,21,T03,나태한,3,6,21,행동이 게으르고 정성이 없음,예) 나태한 생활을 청산하다,,teacher_review_required
W0022,22,T03,단장,3,7,22,창자가 끊어지는 듯한 슬픔,예) 단장의 미아리 고개 노래가 슬프다,,teacher_review_required
W0023,23,T03,도탄,3,8,23,진흙탕과 숯불처럼 고통스러운 처지,예) 도탄에 빠진 백성이 걱정스럽다,,teacher_review_required
W0024,24,T03,무구한,3,9,24,때가 묻지 않고 순진함,예) 무구한 아이들의 눈망울,,teacher_review_required
W0025,25,T03,방만한,3,10,25,맺고 끊는 데가 없이 제멋대로 풀어짐,예) 방만한 경영으로 부도나다,,teacher_review_required
W0026,26,T03,집중,3,11,26,"한곳으로 힘, 정신을 모으다",예) 모두에게 시선이 집중되다,I014,teacher_review_required
W0027,27,T03,채집하다,3,12,27,"식물, 곤충, 광물을 캐서 모으다",예) 숙제로 산에서 곤충을 채집했다,,teacher_review_required
W0028,28,T03,모집하다,3,13,28,사람이나 작품을 널리 알려 모으다,예) 동아리 신입 부원을 모집한다,,teacher_review_required
W0029,29,T03,소집하다,3,14,29,단체조직의 사람들을 불러 모으다,예) 감독은 경기 후 선수들을 소집했다,,teacher_review_required
W0030,30,T03,수집하다,3,15,30,취미나 연구를 위해 물건을 모으다,예) 연구원은 가치 있는 것만 수집했다,,teacher_review_required
W0031,31,T04,고명딸,5,1,31,아들 많은 집 외딸,예) 엄마는 귀하게 자란 고명딸이다,,teacher_review_required
W0032,32,T04,너스레,5,2,32,수다스럽게 늘어놓는 말솜씨,예) 친구들과 너스레를 떨다,,teacher_review_required
W0033,33,T04,넋두리,5,3,33,불평이나 하소연을 늘어놓는 말,예) 할머니가 엄마에게 넋두리했다,,teacher_review_required
W0034,34,T04,눈썰미,5,4,34,한 번 보고 그대로 해내는 눈 감각,예) 나는 눈썰미가 좋다,,teacher_review_required
W0035,35,T04,도가니,5,5,35,흥분이나 열기로 가득 찬 상태,예) 축제는 광란의 도가니였다,,teacher_review_required
W0036,36,T04,비호,5,6,36,편들어 감싸고 보호함,예) 그는 권력의 비호를 받다.,,teacher_review_required
W0037,37,T04,유유히,5,7,37,한가하고 여유가 있게,예) 하늘 위로 구름이 유유히 지나간다,,teacher_review_required
W0038,38,T04,생경한,5,8,38,익숙하지 않아 낯설고 어색하다,예) 이 마을은 생경한 느낌이다,,teacher_review_required
W0039,39,T04,어눌한,5,9,39,말이 유창하지 못하고 더듬거림,예) 소년은 혀가 짧아 발음이 어눌하다,,teacher_review_required
W0040,40,T04,울화,5,10,40,마음속에 억눌려 쌓인 분노,예) 엄마는 울화가 치밀었다,,teacher_review_required
W0041,41,T05,희귀한,5,11,41,드물어서 매우 진귀하다,예) 세계 희귀한 우표만 수집한다,,teacher_review_required
W0042,42,T05,취합하다,5,12,42,흩어져 있는 자료를 한데 묶다,예) 각 팀 보고서를 하나로 취합했다,,teacher_review_required
W0043,43,T05,감퇴하다,5,13,43,"기운, 세력 등이 줄어들다",예) 최근에 기억력이 감퇴했다,,teacher_review_required
W0044,44,T05,부족하다,5,14,44,"필요한 양, 기준에 미치지 못함",예) 잠이 부족하면 집중력이 떨어진다,,teacher_review_required
W0045,45,T05,치료하다,5,15,45,병이나 상처를 잘 다스려 낫게 하다,예) 의사는 환자 상처를 치료했다.,,teacher_review_required
W0046,46,T05,마파람,7,1,46,남쪽에서 불어오는 바람,예) 바다 위 마파람이 불다,,teacher_review_required
W0047,47,T05,사재기,7,2,47,물건을 한꺼번에 많이 사두는 행위,예) 생필품 사재기 극성을 부리다,,teacher_review_required
W0048,48,T05,문안,7,3,48,웃어른께 안부를 여쭘,예) 할아버지께 문안 전화를 드리다,,teacher_review_required
W0049,49,T05,선머슴,7,4,49,시끄럽고 덜렁거리는 남자아이,예) 어릴 때 선머슴 같더니 숙녀가 됐다,,teacher_review_required
W0050,50,T05,어깃장,7,5,50,일이 잘 안되게 훼방 놓는 짓,예) 어른이 어깃장을 놓다,,teacher_review_required
W0051,51,T06,낭설,7,6,51,터무니없는 헛소문.,예) 낭설을 퍼뜨리다,,teacher_review_required
W0052,52,T06,조예,7,7,52,어떤 분야에 학식이나 기술이 깊음,예) 음악에 조예가 깊다,,teacher_review_required
W0053,53,T06,중상,7,8,53,근거 없는 말로 남을 헐뜯음,예) 근거 없는 중상모략이다,,teacher_review_required
W0054,54,T06,여의다,7,9,54,죽어서 이별하다.,예) 부모님을 일찍 여의고 이모랑 살았다,,teacher_review_required
W0055,55,T06,편애,7,10,55,한쪽만을 치우치게 사랑함,예) 그녀는 아들을 편애한다,I015,teacher_review_required
W0056,56,T06,함락하다,7,11,56,적의 성을 공격하여 차지하다,예) 아군부대는 적의 요새를 함락했다,,teacher_review_required
W0057,57,T06,낙하하다,7,12,57,높은 곳에서 떨어지다,예) 상공에서 낙하하기 시작했다,,teacher_review_required
W0058,58,T06,지극한,7,13,58,더할 수 없이 극진한,예) 지극한 효성으로 하늘이 감동했다,,teacher_review_required
W0059,59,T06,실추되다,7,14,59,명예나 신뢰를 잃어버리다,예) 스캔들로 기업 이미지가 실추됐다,,teacher_review_required
W0060,60,T06,유산되다,7,15,60,임신 중인 태아를 잃다,예) 3년 만에 얻은 태아가 유산됐다,,teacher_review_required
W0061,61,T07,화수분,9,1,61,재물이 나와 마르지 않는 보물,예) 아버지는 화수분 같은 존재이다,,teacher_review_required
W0062,62,T07,반란,9,2,62,지배자에 대항하여 내란을 일으킴,예) 결국 백성들이 반란을 일으켰다,,teacher_review_required
W0063,63,T07,길라잡이,9,3,63,나아갈 방향을 인도해 주는 사람,예) 선생님은 인생의 길라잡이다,,teacher_review_required
W0064,64,T07,눈엣가시,9,4,64,밉거나 눈에 거슬리는 사람,예) 눈엣가시 같은 존재이다,,teacher_review_required
W0065,65,T07,비좁다,9,5,65,자리가 몹시 좁다.,예) 둘이 살기에도 방이 비좁다,,teacher_review_required
W0066,66,T07,혜안,9,6,66,사물을 꿰뚫어 보는 지혜로운 안목,예)  미래를 보는 혜안이 밝다,,teacher_review_required
W0067,67,T07,각광,9,7,67,무대 조명처럼 주목을 받음,예) 새로운 기술로 각광받다,,teacher_review_required
W0068,68,T07,개가,9,8,68,싸움에서 승리하고 부르는 노래,예) 전쟁 승리의 개가를 울리다,,teacher_review_required
W0069,69,T07,각출,9,9,69,여러 사람이 돈을 나누어 내다,예) 여행에서 비용을 각출하다,,teacher_review_required
W0070,70,T07,고루한,9,10,70,생각이 굳어 고집이 세고 좁은,예) 고루한 사고방식에서 벗어나라,,teacher_review_required
W0071,71,T08,절단되다,9,11,71,자르거나 베어서 끊음.,예) 태풍으로 인해 전선이 절단되었다,,teacher_review_required
W0072,72,T08,추락하다,9,12,72,높은 곳에서 떨어지다,예) 비행기가 기체 결함으로 추락했다,,teacher_review_required
W0073,73,T08,탈락,9,13,73,"순위, 경쟁에서 빠지거나 떨어지다",예) 월드컵 예선전에서 탈락했다,,teacher_review_required
W0074,74,T08,하락하다,9,14,74,"값, 수치, 등급 등이 떨어지다",예) 국제 유가가 하락했다,,teacher_review_required
W0075,75,T08,침상,9,15,75,누워서 잘 수 있는 평상,예) 침상에 누워 잠에 빠져드렀다,I016,teacher_review_required
W0076,76,T08,아름드리,11,1,76,둘레가 한 아름이 넘는 크기,예) 아름드리 큰 나무가 서 있다,,teacher_review_required
W0077,77,T08,가쁘다,11,2,77,숨차고 벅차다,예) 달리기를 했더니 숨이 가쁘다,,teacher_review_required
W0078,78,T08,미주알고주알,11,3,78,속속들이 자세하게,예) 엄마가 미주알고주알 캐묻다,,teacher_review_required
W0079,79,T08,살포시,11,4,79,포근하고 가볍게,예) 나비가 꽃에 살포시 내려앉다,,teacher_review_required
W0080,80,T08,시나브로,11,5,80,모르는 사이에 조금씩,예) 월급을 시나브로 다 썼다,,teacher_review_required
W0081,81,T09,관철,11,6,81,사물을 꿰뚫어 봄,예) 내 주장이 관철되다,I035,teacher_review_required
W0082,82,T09,규합,11,7,82,어떤 일을 하려고 사람들을 모으다,예) 이번 계획 세력을 규합하다,,teacher_review_required
W0083,83,T09,나포,11,8,83,죄인이나 배를 붙잡는 일,예) 외국 어선을 나포하다,,teacher_review_required
W0084,84,T09,농성,11,9,84,어떤 목적을 위하여 모여서 시위함.,예) 공장에서 밤샘 농성을 벌였다,,teacher_review_required
W0085,85,T09,도취,11,10,85,아름다운 것에 흠뻑 취함,예) 고흐 작품에 도취되다,,teacher_review_required
W0086,86,T09,신중하다,11,11,86,말이나 행동이 매우 조심스럽다,예) 그는 신중한 성격이다,,teacher_review_required
W0087,87,T09,위중하다,11,12,87,병세가 위독하다,예) 수술 환자 상태가 위중하다,,teacher_review_required
W0088,88,T09,침울,11,13,88,분위기가 가라앉아 답답하다,예) 표정이 침울해 보인다,I017,teacher_review_required
W0089,89,T09,막중하다,11,14,89,"책임, 의무 등이 매우 무겁고 크다",예) 그의 책임이 막중하다,,teacher_review_required
W0090,90,T09,간주하다,11,15,90,무엇을 보고 그렇게 여기다,예) 동의한 것으로 간주되다,,teacher_review_required
W0091,91,T10,엉겁결,13,1,91,뜻하지 않은 사이에 갑자기.,예) 엉겁결에 대답하다,,teacher_review_required
W0092,92,T10,게걸스럽다,13,2,92,음식을 마구 먹으려 함,예) 음식을 게걸스럽게 먹다,,teacher_review_required
W0093,93,T10,겸연쩍다,13,3,93,쑥스럽고 미안하다,예) 겸연쩍은 미소를 짓다,,teacher_review_required
W0094,94,T10,굼뜨다,13,4,94,행동이 답답할 만큼 느림,예) 그는 행동이 굼뜨다,,teacher_review_required
W0095,95,T10,껄끄럽다,13,5,95,매끄럽지 못하고 거칠다,예) 묻기가 껄끄러운 상대이다,I036,teacher_review_required
W0096,96,T10,묘연,13,6,96,아득하고 멀어서 눈에 아물아물하다.,예) 그의 행방이 묘연하다,,teacher_review_required
W0097,97,T10,방불,13,7,97,거의 비슷하다,예) 실전을 방불케 하다,,teacher_review_required
W0098,98,T10,비화,13,8,98,불똥이 날아가 불이 번지듯 일이 번짐,예) 작은 일이 큰 일로 비화되다,,teacher_review_required
W0099,99,T10,상쇄,13,9,99,비기는 효과로 서로 없애 버리다,예) 이익과 손실을 상쇄했다,,teacher_review_required
W0100,100,T10,서광,13,10,100,"상서로운 빛, 희망의 징조",예) 해결의 서광이 보인다,,teacher_review_required
W0101,101,T11,고려하다,13,11,101,생각하고 헤아려 봄,예) 이사 할 때 환경을 고려하다,,teacher_review_required
W0102,102,T11,진료하다,13,12,102,의사가 환자를 진찰하고 치료함,예) 의사가 환자를 진료하다,,teacher_review_required
W0103,103,T11,처리하다,13,13,103,"일, 사무를 절차에 따라 해결함",예) 업무를 신속하게 처리하다,,teacher_review_required
W0104,104,T11,관람하다,13,14,104,"영화, 운동 경기 등을 구경함",예) 미술관에서 그림을 관람하다,,teacher_review_required
W0105,105,T11,구독하다,13,15,105,"책, 신문, 영상 등을 정기적으로 봄",예) 잡지를 3년째 구독하고 있다,,teacher_review_required
W0106,106,T11,매몰차다,15,1,106,인정이 없고 쌀쌀맞다,예) 그녀는 매몰차게 거절했다,,teacher_review_required
W0107,107,T11,상큼하다,15,2,107,느낌이 시원하고 산뜻하다,예) 방에서 상큼한 향기가 난다,,teacher_review_required
W0108,108,T11,상동,15,3,108,서로 같음.,예) 기본구조가 상동 관계에 있다,I037,teacher_review_required
W0109,109,T11,서슴없다,15,4,109,망설임이나 거침이 없음,예) 그는 의견을 서슴없이 말했다,,teacher_review_required
W0110,110,T11,선선하다,15,5,110,시원하고 쾌적함,예) 가을 바람이 선선하다,,teacher_review_required
W0111,111,T12,알력,15,6,111,의견이 맞지 않아 불화를 빚음,예) 부서 간 알력이 심해졌다,,teacher_review_required
W0112,112,T12,외람되다,15,7,112,행동이나 말이 분수에 넘침,예) 외람되지만 제 생각을 말하겠습니다,,teacher_review_required
W0113,113,T12,잠식,15,8,113,영토나 권리를 갉아먹음,예) 중국 기업이 반도체 시장을 잠식했다,,teacher_review_required
W0114,114,T12,차치,15,9,114,내버려 두고 문제 삼지 아니함.,예) 만사 차치하고 일은 해치움,,teacher_review_required
W0115,115,T12,창궐,15,10,115,전염병이 걷잡을 수 없이 퍼짐,예) 20세기에 전염병이 창궐했다,,teacher_review_required
W0116,116,T12,발견하다,15,11,116,알려지지 않은 것을 찾아냄,예) 과학자들이 새 행성을 발견했다,,teacher_review_required
W0117,117,T12,예상하다,15,12,117,앞으로 일어날 일을 미리 짐작함,예) 더위가 일찍 시작될 예상이다,,teacher_review_required
W0118,118,T12,건설하다,15,13,118,"건물, 사회 등을 만들어 세움",예) 정부가 외곽 신도시를 건설한다,,teacher_review_required
W0119,119,T12,결성하다,15,14,119,단체나 조직을 새로 만듬,예) 환경 보호 동아리를 결성했다,I018,teacher_review_required
W0120,120,T12,야기하다,15,15,120,"어떤 일, 사건을 부추겨 일으킴",예) 말실수가 큰 오해를 야기했다,,teacher_review_required
W0121,121,T13,섣부르다,17,1,121,솜씨가 서투르고 어설프다,예) 섣부른 판단은 금물이다,,teacher_review_required
W0122,122,T13,생때같다,17,2,122,몸이 튼튼하고 아무 병이 없다.,예) 전쟁으로 생때같은 자식을 잃다,,teacher_review_required
W0123,123,T13,생뚱맞다,17,3,123,상황에 맞지 않게 엉뚱하다,예) 너는 생뚱맞은 소리를 한다,,teacher_review_required
W0124,124,T13,속절없다,17,4,124,어찌할 도리가 없다.,예) 24시간이 속절없이 흐른다,,teacher_review_required
W0125,125,T13,수더분하다,17,5,125,성격이 까다롭지 않고 원만하다,예) 남준이는 성격이 수더분하다,,teacher_review_required
W0126,126,T13,파경,17,6,126,깨진 거울처럼 부부 관계가 깨짐,예) 부부가 결국 파경을 맞다,,teacher_review_required
W0127,127,T13,피력,17,7,127,속마음을 털어놓고 말함,예) 의견을 당당히 피력했다,,teacher_review_required
W0128,128,T13,현학적인,17,8,128,학식이 있음을 뽐내어 자랑함,예) 현학적인 태도를 보이다,,teacher_review_required
W0129,129,T13,힐책,17,9,129,잘못을 따져 묻고 꾸짖음,예) 엄하게 힐책을 당하다,,teacher_review_required
W0130,130,T13,백일몽,17,10,130,실현 불가능한 허황된 공상,예) 백일몽에 불과한 계획,,teacher_review_required
W0131,131,T14,작성하다,17,11,131,서류나 원고를 양식에 맞게 만듬,예) 회의 결과를 깔끔하게 작성했다,,teacher_review_required
W0132,132,T14,제정하다,17,12,132,"법률, 규칙, 제도 등을 만들어 정함",예) 환경 오염 특별법을 제정했다,,teacher_review_required
W0133,133,T14,제조하다,17,13,133,원료를 가공하여 물건을 만들다,예) 자동차 부품을 대량 제조하다,,teacher_review_required
W0134,134,T14,조성하다,17,14,134,분위기나 환경 등을 만들다,예) 학교는 환경을 조성했다,,teacher_review_required
W0135,135,T14,골병들다,17,15,135,겉으로는 멀쩡한데 속으로 든 병.,예)계단에서 굴러 몸이 골병들었다,,teacher_review_required
W0136,136,T14,스산하다,19,1,,분위기가 쓸쓸하고 으스스하다,예) 먹구름 낀 날씨가 스산하다,,teacher_review_required
W0137,137,T14,애달프다,19,2,,마음이 아프고 애처롭다,예) 아프리카 아이의 애달픈 사연을 듣다,,teacher_review_required
W0138,138,T14,어쭙잖다,19,3,,분수에 맞지 않고 능력이 부족하다,예) 언니는 어쭙잖은 행동을 자주한다,,teacher_review_required
W0139,139,T14,올곧다,19,4,,"정신, 마음, 행동이 바르고 곧다",예) 정약용은 올곧은 성품을 지녔다,,teacher_review_required
W0140,140,T14,옹골지다,19,5,,속이 꽉 차고 실속있다,예) 옥수수가 옹골지게 여물었다,,teacher_review_required
W0141,141,T15,복마전,19,6,,"마귀가 숨어 있는 집, 악의 소굴",예) 정치권의 부정부패는 복마전이다,,teacher_review_required
W0142,142,T15,분수령,19,7,,어떤 일이 결정되는 중대한 전환점,예)　3.1운동은 독립의 분수령이 되었다,,teacher_review_required
W0143,143,T15,불야성,19,8,,밤이 없는 성처럼 등불이 밝은 곳,예) 축제는 밤이 깊도록 불야성을 이뤘다,,teacher_review_required
W0144,144,T15,열변,19,9,,열렬한 변론,예) 국회의원이 열변을 토했다,,teacher_review_required
W0145,145,T15,기린아,19,10,,"지혜, 재주가 뛰어난 젊은이",예) 야구계의 기린아로 평가받다,,teacher_review_required
W0146,146,T15,개장하다,19,11,,해수욕장이 문을 열다,예) 이번 주말부터 해수욕장이 개장된다,,teacher_review_required
W0147,147,T15,구두쇠,19,12,,돈을 쓰는 데 몹시 인색한 사람,예) 우리 동네에 소문난 구두쇠가 산다,,teacher_review_required
W0148,148,T15,기립하다,19,13,,자리에서 일어서다,예) 연주가 끝나자 관객들이 기립했다,,teacher_review_required
W0149,149,T15,행패,19,14,,난폭한 행동을 버릇없이 함,예) 깡패들의 행패가 심해졌다,,teacher_review_required
W0150,150,T15,궁상맞다,19,15,,초라하고 꾀죄죄하다.,예) 궁상맞은 얼굴 좀 하자마라,I019,teacher_review_required
W0151,151,T16,을씨년스럽다,21,1,151,날씨나 분위기가 쓸쓸하다,예) 비오니 가을 날씨가 을씨년스럽다,,teacher_review_required
W0152,152,T16,오염,21,2,152,더럽게 물듦,예) 폐수로 강물이 오염됐다,,teacher_review_required
W0153,153,T16,유독성,21,3,153,독성이 있음.,예) 저것은 유독성 산업 폐기물이다,,teacher_review_required
W0154,154,T16,터무니없다,21,4,154,근거나 이유가 전혀 없다,예) 동네에 터무니없는 소문이 돌다,,teacher_review_required
W0155,155,T16,투박하다,21,5,155,모양이 거칠고 세련되지 못하다,예) 사투리 말씨가 투박하다,,teacher_review_required
W0156,156,T16,호남아,21,6,156,풍채가 좋고 호탕한 사내,예) 제복을 입으니 호남아의 기개가 느껴진다,,teacher_review_required
W0157,157,T16,유복자,21,7,157,어머니 배 속에 았을 때 아버지를 잃은  자식,예) 그는 유복자로 태어나 자랐다,I020,teacher_review_required
W0158,158,T16,풍운아,21,8,158,좋은 기회를 타고 활약하는 영웅적 인물,예) 그 기업가는 시대가 낳은 풍운아이다,,teacher_review_required
W0159,159,T16,선각자,21,9,159,남보다 먼저 깨달은 사람,예) 한 시대의 선각자 역할을 하다,,teacher_review_required
W0160,160,T16,섭취,21,10,160,좋은 양분을 몸속에 빨아들임,예) 유기견 강아지라 영양 섭취가 안좋다,I038,teacher_review_required
W0161,161,T17,진공,21,11,161,공기 같은 물질이 전혀 없는,예) 달은 거의 진공 상태이다,I039,teacher_review_required
W0162,162,T17,적립하다,21,12,162,"돈, 마일리지를 차곡차곡 쌓다",예) 물건 살 때 포인트를 적립했다,,teacher_review_required
W0163,163,T17,정화,21,13,163,더러운 것을 깨끗하게 함,예) 폑수 정화 시설을 새로 설치했다,I021,teacher_review_required
W0164,164,T17,상통하다,21,14,164,"생각, 뜻, 언어 등이 서로 통하다",예) 두 사람 의견은 이 취지에서 상통한다,,teacher_review_required
W0165,165,T17,탈수,21,15,165,몸이나 물체 속의 물기를 뺌,예) 빨래를 탈수해서 널었다.,,teacher_review_required
W0166,166,T17,하릴없다,23,1,166,"어찌할 도리가 없이, 어쩔 수 없이",예) 그는 하릴없이 앉아 있다,,teacher_review_required
W0167,167,T17,농도,23,2,167,액체·빛깔·명암 따위의 짙은 정도.,예) 소금물의 농도가 진했다,,teacher_review_required
W0168,168,T17,수거,23,3,168,거두어 감.,예) 쓰레기를 수거해 갔다.,,teacher_review_required
W0169,169,T17,해저,23,4,169,바다의 밑바닥.,예) 바다에 해저 터널을 뚫었다,,teacher_review_required
W0170,170,T17,방치,23,5,170,그대로 버려둠,예) 고장난 차를 길가에 방치했다.,,teacher_review_required
W0171,171,T18,불세출,23,6,171,세상에 좀처럼 나타나지 않는 뛰어남,예) 불세출의 영웅이 나타나다,,teacher_review_required
W0172,172,T18,사이비,23,7,172,겉은 비슷하나 속은 완전히 가짜임,예) 그는 사이비 종교에 빠졌다,,teacher_review_required
W0173,173,T18,탐사,23,8,173,샅샅이 더듬어서 조사,예) 바다 속을 탐사하다.,,teacher_review_required
W0174,174,T18,불모지,23,9,174,내버려 두어 거친 땅,예) 문화의 불모지를 개척하다,I040,teacher_review_required
W0175,175,T18,공치사,23,10,175,자신 공로를 스스로 자랑함,예) 나는 공치사를 늘어놓다,,teacher_review_required
W0176,176,T18,적중하다,23,11,176,예측이나 화살이 과녁에 맞아떨어짐,예) 일기예보가 오차도 없이 적중했다,,teacher_review_required
W0177,177,T18,급변하다,23,12,177,여건이나 상태가 갑자기 변함,예) 날씨가 급변하더니 비가 온다,,teacher_review_required
W0178,178,T18,폐기하다,23,13,178,못 쓰게 된 것을 버림.,예) 건축 폐기물이 심각하다,I041,teacher_review_required
W0179,179,T18,합치하다,23,14,179,의견이나 조건이 정확하게 일치,예) 이해관계가 합치하여 계약이  성사됐다,,teacher_review_required
W0180,180,T18,접수하다,23,15,180,신청서나 서류 등을 받다,예) 오늘 마감이니 원서를 접수해라,,teacher_review_required
W0181,181,T19,주야,25,1,181,밤낮,예) 주야로 공부하더니 합격했다,,teacher_review_required
W0182,182,T19,고대하다,25,2,182,기다리던 바로 그때,예) 내가 고대하던 소식이 왔다,I042,teacher_review_required
W0183,183,T19,곰곰,25,3,183,모든 면을 세심하게,예) 나는 곰곰 생각에 잠기다,,teacher_review_required
W0184,184,T19,여북,25,4,184,오죽하면 그렇게까지,예) 언니가 여북하면 그랬겠니?,,teacher_review_required
W0185,185,T19,고갈,25,5,185,물이 말라 없어짐.,예) 가뭄이라 지하수조차 고갈되었다,,teacher_review_required
W0186,186,T19,시금석,25,6,186,금의 순도를 판정하는 데 쓰는 돌,예) 이것이 성공을 가를 시금석이다,,teacher_review_required
W0187,187,T19,교감,25,7,187,서로 마음이 통함,예) 서로 눈만 보아도 교감이 가능하다,,teacher_review_required
W0188,188,T19,진풍경,25,8,188,보기 드물고 소중한 풍경,예) 눈앞에 진풍경이 펼쳐졌다,,teacher_review_required
W0189,189,T19,청백리,25,9,189,마음이 맑고 깨끗한 모범적 관리,예) 그는 조선의 청백리다,,teacher_review_required
W0190,190,T19,무진장,25,10,190,다함이 없이 엄청나게 많음,예) 지하자원이 무진장 매장되어 있다,,teacher_review_required
W0191,191,T20,표면,25,11,191,겉으로 드러난 면,예) 표면만 보고는 속을 알 수가 없다,,teacher_review_required
W0192,192,T20,치명적,25,12,192,죽을 지경에 이름.,예) 이번 실수는 선수로서 치명적이다,I043,teacher_review_required
W0193,193,T20,왕성한,25,13,193,한창 성함.,예) 한창 혈기 왕성할 때 병애 걸렸다,I022;I063,teacher_review_required
W0194,194,T20,수령하다,25,14,194,주는 돈이나 물품을 받다,예) 오늘 운전 면허증을 수령했다,,teacher_review_required
W0195,195,T20,영접하다,25,15,195,"손님, 귀빈을 정중하게 맞이하다",예) 외교관이 국가 원수를 영접했다,,teacher_review_required
W0196,196,T20,개입,27,1,196,어떤 일에 끼어듦,예) 내가 개입할 문제가 아니다.,,teacher_review_required
W0197,197,T20,군집,27,2,197,사람이나 동물 등이 떼 지어 한곳에 모임,예) 웅덩이에 모기떼가 군집해있다,,teacher_review_required
W0198,198,T20,감찰,27,3,198,감독하여 살핌,예) 산하 기관을 감찰하다,,teacher_review_required
W0199,199,T20,침몰,27,4,199,물에 빠져 잠김. 물속에 가라앉음,예) 유조선이 침몰했다,,teacher_review_required
W0200,200,T20,애용하다,27,5,200,애착을 가지고 씀. 즐겨 씀,예) 내가 애용하는 샤프이다,,teacher_review_required
W0201,201,T21,경합,27,6,201,서로 맞서 겨룸,예) 치열한 경합을 벌이다,,teacher_review_required
W0202,202,T21,혼돈,27,7,202,하늘과 땅이 아직 나뉘지 않은 상태,예) 정치적인 혼돈 상태.,I044,teacher_review_required
W0203,203,T21,난입하다,27,8,203,어지럽게 함부로 들어가거나 들어옴,예) 시위대가 의사당에 난입하다,,teacher_review_required
W0204,204,T21,모집,27,9,204,조건에 맞는 사람이나 사물을 뽑아서 모음,예)  회원을 모집하다,,teacher_review_required
W0205,205,T21,고찰,27,10,205,어떤 것을 깊이 생각하고 연구함,예) 역사적으로 고찰되어야 할 문제,,teacher_review_required
W0206,206,T21,침울하다,27,11,206,걱정·근심 따위로 우울함,예) 표정이 침울해 보인다,,teacher_review_required
W0207,207,T21,공탁,27,12,207,돈이나 물건을 은행에 맡김,예) 은행에 공탁한 돈을 찾아왔다,I045,teacher_review_required
W0208,208,T21,담합하다,27,13,208,서로 의논해서 합의함,예) 담합해서 해결했다,I046,teacher_review_required
W0209,209,T21,혼미,27,14,209,정신이 헛갈리고 흐리멍덩함,예) 갑자기 정신이 혼미해졌다,,teacher_review_required
W0210,210,T21,도입,27,15,210,끌어들임,예) 새로운 기술을 도입했다,,teacher_review_required
W0211,211,T22,몰입,29,1,211,깊이 파고들거나 빠짐,예) 연구에 몰입하다,,teacher_review_required
W0212,212,T22,소각,29,2,212,불태워 없애버림,예)쓰레기를 소각해서 벌금을 냈다,,teacher_review_required
W0213,213,T22,순찰하다,29,3,213,여러 곳을 돌아다니며 사정을 살핌,예) 밤거리를 순찰하다,,teacher_review_required
W0214,214,T22,침착한,29,4,214,행동이 들뜨지 않고 차분함,예) 침착하게 처리하다,,teacher_review_required
W0215,215,T22,영예,29,5,215,영광스러운 명예,예) 수석 합격의 영예를 누렸다,,teacher_review_required
W0216,216,T22,야합하다,29,6,216,좋지 못한 목적으로 서로 어울림,예) 정치권이 재벌과 야합하다,,teacher_review_required
W0217,217,T22,혼잡한,29,7,217,한데 뒤섞여서 어수선함,예) 폭설로 교통 혼잡이 일어났다,,teacher_review_required
W0218,218,T22,반입하다,29,8,218,운반하여 들여옴,예) 반입이 줄면서 값이 크게 올랐다,,teacher_review_required
W0219,219,T22,운집하다,29,9,219,구름처럼 모인다는 뜻,예) 시청 앞에 운집한 사람들,,teacher_review_required
W0220,220,T22,통찰,29,10,220,전체를 환하게 내다봄,예) 국제경제에 관한 통찰력이 생김,,teacher_review_required
W0221,221,T23,침체,29,11,221,진전하지 못하고 제자리에 머무름,예) 침체의 늪에 빠지다,,teacher_review_required
W0222,222,T23,융합,29,12,222,여러 종류의 것이 녹아서 하나로 합침,예) 산소와 수소가 용합되어 물이 된다,I023;I047,teacher_review_required
W0223,223,T23,비속,29,13,223,격이 낮고 속됨,예) 비속한 말씨,,teacher_review_required
W0224,224,T23,구술,29,14,224,입으로 말함,예) 비서에게 편지를 구술하다,,teacher_review_required
W0225,225,T23,연대,29,15,225,함께 일을 하거나 공동 책임을 지는 일,예) 국제적 연대를 강화해 나가다,,teacher_review_required
W0226,226,T23,영정사진,31,1,266,장례 때 쓰는 얼굴을 찍은 사진,예) 고인 영정 사진이 조문객들을 맞이함,,teacher_review_required
W0227,227,T23,갸웃하다,31,2,267,고개나 몸을 한쪽으로 기울이다,예) 고개를 갸웃 숙이다,,teacher_review_required
W0228,228,T23,웅변,31,3,268,힘차게 거침이 없이 당당하게 말함,예) 그의 웅변으로 조용해졌다,,teacher_review_required
W0229,229,T23,병약한,31,4,269,몸이 허약해서 병에 걸리기 쉬운,예) 병약한 신체 때문에 힘이 없다,,teacher_review_required
W0230,230,T23,숙연하다,31,5,270,고요하고 엄숙하다.,예) 현충일은 언제나 숙연하다,,teacher_review_required
W0231,231,T24,간헐적,31,6,271,시간 간격을 두고 되풀이됨,예)　간헐적인 통증이 발생하다,,teacher_review_required
W0232,232,T24,일장,31,7,272,한바탕,예) 아침부터 엄마의 일장 훈계,,teacher_review_required
W0233,233,T24,경위,31,8,273,사리의 옳고 그름과 시비의 분간,예) 사건의 경위를 조사하다,I048,teacher_review_required
W0234,234,T24,규명,31,9,274,"사물의 본질, 원인을 연구하여 밝힘",예)　원인을 명확히 규명하다,,teacher_review_required
W0235,235,T24,구사하다,31,10,275,말이나 기술을 자유자재로 다룸,예)　외국어를 자유롭게 구사하다,,teacher_review_required
W0236,236,T24,위촉,31,11,276,일을 맡겨 부탁함,예) 법률 고문으로 위촉하다,,teacher_review_required
W0237,237,T24,건설,31,12,277,건물이나 시설 따위를 세움,예) 도시 중심에 교량이 건설되다,,teacher_review_required
W0238,238,T24,직립하다,31,13,278,수직으로 똑바로 서다,예)　인간은 두 발로 직립한다,,teacher_review_required
W0239,239,T24,기시감,31,14,279,처음 본 상황이나 장면이 이미 본  것같이 느껴지는 일.,예)골목길에서 묘한 기시감이들었다,I024,teacher_review_required
W0240,240,T24,소심한,31,15,280,조심성이 지나치게 많은,예) 나는 소심한 성격이라 부끄럽다,,teacher_review_required
W0241,241,T25,조아리다,33,1,281,머리를 자꾸 낮추어 숙임,예) 머리를 깊이 조아리다,,teacher_review_required
W0242,242,T25,발굴,33,2,282,땅속에 묻혀 있는 유적을 파냄.,예)　드디어 병마용갱을 발굴해냈다,I005,teacher_review_required
W0243,243,T25,곱씹다,33,3,283,뜻을 깊이 생각하며 되풀이함,예)　그가 한 말을 곱씹다,,teacher_review_required
W0244,244,T25,비옥한,33,4,284,땅이 걸고 기름짐,예) 시골은 아직도 비옥한 토지이다,,teacher_review_required
W0245,245,T25,인재,33,5,285,재주가 뛰어난 사람.,예)　홍길동은 타고난 인재였다,I006,teacher_review_required
W0246,246,T25,기저,33,6,286,"사물의 밑바닥, 기초",예) 슬픔이 기저로 깔려있다,,teacher_review_required
W0247,247,T25,상승,33,7,287,낮은 데서 위로 올라감.,예)　인기가 나날이 상승했다,,teacher_review_required
W0248,248,T25,남발하다,33,8,288,법안이나 지폐 등을 마구 발행함,예) 선거 공약을 남발하다,,teacher_review_required
W0249,249,T25,비운,33,9,289,불행한 운명.,예) 비운의 여주인공,,teacher_review_required
W0250,250,T25,대척,33,10,290,어떤 일에 정반대의 입장이 됨,예) 대척점에 서서 대립하다,,teacher_review_required
W0251,251,T26,근절하다,33,11,291,"나쁜 구습, 악패를 뿌리째 없애버림",예) 경찰이 범죄를 근절했다,,teacher_review_required
W0252,252,T26,유기하다,33,12,292,정당한 이유 없이 내다 버림.,예)　반려동물을 거리에 유기했다,,teacher_review_required
W0253,253,T26,포기,33,13,293,하던 일을 도중에 그만둠,예)　선수들이 경기를 포기했다,,teacher_review_required
W0254,254,T26,훼손하다,33,14,294,"체면이나 명예, 물건 따위를 망침",예) 관람객이 문화재를 훼손했다,,teacher_review_required
W0255,255,T26,폐기하다,33,15,295,못 쓰게 된 것을 버림,예)　공장이 폐기물을 폐기했다,,teacher_review_required
W0256,256,T26,탈피,35,1,296,낡은 사고방식에서 벗어남,예) 그런 사고에서 탈피 좀 해라,I064,teacher_review_required
W0257,257,T26,추종하다,35,2,297,판단 없이 무조건 믿고 따름.,예) 권력에 추종하는 세력들,I065,teacher_review_required
W0258,258,T26,과장,35,3,298,사실보다 지나치게 부풀림.,예) 과장 광고에 또 물건을 샀다,I066,teacher_review_required
W0259,259,T26,나부끼다,35,4,299,바람에 흔들려 가볍게 날림,예) 깃발이 바람에 나부끼다,,teacher_review_required
W0260,260,T26,마무리,35,5,300,일의 뒤끝을 맺어 끝냄,예) 마무리는 네가 알아서 해라,,teacher_review_required
W0261,261,T27,이탈,35,6,301,어떤 범위에서 떨어져 나감,예) 그룹에서 이탈되면 안된다,,teacher_review_required
W0262,262,T27,망라,35,7,302,그물로 물고기를 잡듯 모두 포함,예) 모든 분야를 망라하다,,teacher_review_required
W0263,263,T27,맹점,35,8,303,미처 생각이 미치지 못한 허점,예) 제도의 맹점을 파고들다,,teacher_review_required
W0264,264,T27,미궁,35,9,304,들어가면 빠져나올 수 없게 된 곳,예) 사건이 미궁에 빠지다,,teacher_review_required
W0265,265,T27,연상,35,10,305,관련된 다른 일이 머리에 떠오르다,예) 가을 하면 단풍이 연상된다,I067,teacher_review_required
W0266,266,T27,비교하다,35,11,306,두 개 이상을 서로 견주어 봄,예) 제품 성능을 비교했다,,teacher_review_required
W0267,267,T27,정렬하다,35,12,307,줄을 지어 늘어섬,예) 학생들이 두 줄로 정렬하다,,teacher_review_required
W0268,268,T27,조립하다,35,13,308,여러 부품을 하나로 짜 모음,예) 기사가 가구를 조립했다,,teacher_review_required
W0269,269,T27,교체,35,14,309,다른 사람이나 사물로 바꿈.,예) 감독이 선수를 교체했다,,teacher_review_required
W0270,270,T27,주문하다,35,15,310,"물품, 음식을 만들거나 보내 달라고 청함",예) 손님이 음식을 주문했다,,teacher_review_required
W0271,271,T28,회상하다,37,1,311,지난 일을 돌이켜 생각함,예) 과거를 회상하니 후회된다,,teacher_review_required
W0272,272,T28,감돌다,37,2,312,"장소, 주위를 떠나지 않고 돔",예) 미소가 입가에 감돌다,,teacher_review_required
W0273,273,T28,도래하다,37,3,313,어떤 시기나 기회가 닥쳐옴.,예) 새로운 시대가 도래했다,,teacher_review_required
W0274,274,T28,내박치다,37,4,314,거칠게 내던지거나 내팽개침,예) 가방을 바닥에 내박치다,I059,teacher_review_required
W0275,275,T28,되뇌다,37,5,315,같은 말을 자꾸 되풀이함,예) 입버릇처럼 혼잣말로 되뇌다,,teacher_review_required
W0276,276,T28,박차,37,6,316,말을 채찍질하듯 진행을 다그침,예) 신제품 개발에 박차를 가하다,I049,teacher_review_required
W0277,277,T28,봉착,37,7,317,어떤 상황이나 난관에 맞닥뜨림,예) 큰 위기에 봉착하다,,teacher_review_required
W0278,278,T28,비축,37,8,318,만약의 경우를 대비하여 모아 둠,예) 식량을 미리 비축하다,,teacher_review_required
W0279,279,T28,산적한,37,9,319,물건이나 일이 산처럼 높이 쌓임,예) 산적한 과제 때문에 밤을 샜다,,teacher_review_required
W0280,280,T28,섭렵,37,10,320,온갖 책을 읽고 경험을 두루 거침,예) 다양한 분야를 섭렵하다,,teacher_review_required
W0281,281,T29,만류하다,37,11,321,어떤 행동을 하지 못하도록 말림,예) 친구가 그의 퇴사를 만류했다,,teacher_review_required
W0282,282,T29,장악하다,37,12,322,권력을 완전히 자기 것으로 만듬,예)　그녀는 주도권을 장악했다,I025,teacher_review_required
W0283,283,T29,진압하다,37,13,323,강한 힘으로 눌러 통제,예) 경찰이 시위를 진압했다,,teacher_review_required
W0284,284,T29,체포하다,37,14,324,범죄 혐의가 있는 사람을 구속,예) 형사가 범인을 체포했다,I050,teacher_review_required
W0285,285,T29,결정하다,37,15,325,태도나 방향 따위를 확실히 정함,예)　이사회가 안건을 결정했다,,teacher_review_required
W0286,286,T29,들쓰다,39,1,326,물건을 머리에서부터 뒤집어쓰다,예)　이불을 푹 들쓰고 자다,I060,teacher_review_required
W0287,287,T29,궁싯거리다,39,2,327,잠이 오지 않아 자꾸 뒤척거림,예) 궁싯거리며 밤을 지새웠다,,teacher_review_required
W0288,288,T29,나부대다,39,3,328,얌전하지 못하고 철없이 덤비다,예) 흰 나비 한 마리가 나부댄다,,teacher_review_required
W0289,289,T29,니글거리다,39,4,329,속이 메스꺼워 구역질이 나다,예) 속이 자꾸 니글거리다,I061,teacher_review_required
W0290,290,T29,담소,39,5,330,웃으면서 이야기함,예) 부모님이 담소를 나누고 계신다,,teacher_review_required
W0291,291,T30,소요,39,6,331,"요구되는 바, 필요한 바",예) 많은 시간이 소요되는 일이다,,teacher_review_required
W0292,292,T30,등반,39,7,332,산의 정상에 기어오름.,예) 일곱 살때 한라산을 등반했다,I068,teacher_review_required
W0293,293,T30,암묵적,39,8,333,말없이 속으로 은밀히 동의함,예) 암묵적인 합의를 이루다,,teacher_review_required
W0294,294,T30,와전,39,9,334,사실과 다르게 잘못 전해짐,예) 그 소문이 와전되다,,teacher_review_required
W0295,295,T30,염두,39,10,335,마음속,예) 재료 순서를 염두에 두어야한다,,teacher_review_required
W0296,296,T30,운행하다,39,11,336,정해진 길 따위를 운전하여 다님,예) 기사가 버스를 운행했다,,teacher_review_required
W0297,297,T30,유지하다,39,12,337,"어떤 상태, 현상을 계속 이어 감",예) 운동선수가 건강을 유지했다,,teacher_review_required
W0298,298,T30,이동,39,13,338,한 곳에서 다른 곳으로 옮겨 감,예) 주민이 안전한 곳으로 이동했다,,teacher_review_required
W0299,299,T30,작동하다,39,14,339,기계 따위가 움직여 일함,예) 엔지니어가 기계를 작동했다,I051,teacher_review_required
W0300,300,T30,논박하다,39,15,340,잘못된 점을 조리 있게 공격함,예) 상대편의 주장을 논박했다.,,teacher_review_required
W0301,301,T31,벼르다,41,1,341,마음속으로 준비하며 기회를 기다림,예) 혼내 주려고 벼르다,,teacher_review_required
W0302,302,T31,도지다,41,2,342,병이나 상처가 더 심해지다,예) 넘어져 상처가 도졌다,,teacher_review_required
W0303,303,T31,사무치다,41,3,343,마음 깊이 깊숙하게 파고들다,예) 그리움이 가슴에 사무치다,,teacher_review_required
W0304,304,T31,집념,41,4,344,한 가지 일에 매달려 정신을 쏟음,예) 그는 집념이 대단하다,,teacher_review_required
W0305,305,T31,귀환,41,5,345,원래 있던 곳으로 다시 돌아옴,예) 선수들이 고국으로 귀환했다,,teacher_review_required
W0306,306,T31,자명한,41,6,346,설명하지 않아도 스스로 명백함,예) 자명한 사실을 부정하다,,teacher_review_required
W0307,307,T31,전말,41,7,347,일의 처음부터 끝까지의 모든 과정,예) 사건의 전말을 밝히다,,teacher_review_required
W0308,308,T31,감격,41,8,348,몹시 고맙게 느낌.,예) 우승의 감격으로 울었다,,teacher_review_required
W0309,309,T31,참작,41,9,349,사정을 고려하여 헤아려 주다,예)　정상을 참작하다,,teacher_review_required
W0310,310,T31,경종,41,10,350,"위험을 경고하는 종소리, 주의 환기",예) 사회에 경종을 울리다,,teacher_review_required
W0311,311,T32,경과하다,41,11,351,시간이나 일의 과정이 지나감,예) 유효 기간이 경과되다,,teacher_review_required
W0312,312,T32,발생하다,41,12,352,어떤 일이 새로 일어남,예) 인근에서 사고가 발생했다,,teacher_review_required
W0313,313,T32,변질되다,41,13,353,성질이나 품질이 나쁘게 바뀜,예) 상온에서 음식이 변질되었다,,teacher_review_required
W0314,314,T32,사망하다,41,14,354,사람의 생명이 끝나 죽음,예) 환자가 병원에서 사망했다,,teacher_review_required
W0315,315,T32,투입되다,41,15,355,"인력, 자본이 안으로 넣어짐",예) 현장에 경찰이 투입되었다,,teacher_review_required
W0316,316,T32,무고,43,1,356,없는 일을 거짓으로 꾸며 고발함.,예) 무고혐의로 구속되었다,,teacher_review_required
W0317,317,T32,매진하다,43,2,357,일을 전심전력을 다하여 해 나감,예) 너는 학업에만 매진해라,,teacher_review_required
W0318,318,T32,뇌까리다,43,3,358,아무렇게나 불평 섞인 말을 내뱉다,예) 뚱딴지같은 소리를 뇌까리다,,teacher_review_required
W0319,319,T32,다잡다,43,4,359,마음을 다그쳐 단단하게 잡다,예) 느슨해진 마음을 다잡다,,teacher_review_required
W0320,320,T32,마름하다,43,5,360,옷감 등을 치수에 맞게 자르다,예) 옷감을 조심스럽게 마름하다,,teacher_review_required
W0321,321,T33,선정하다,43,6,361,여럿 가운데서 가려서 정함,예) 밤새워 우수작품을 선정했다,,teacher_review_required
W0322,322,T33,완만한,43,7,362,가파르지 않다.,예) 경사가 완만한 언덕길이다,,teacher_review_required
W0323,323,T33,규명,43,8,363,사실이나 원인을 자세히 따져 밝힘,예) 진상을 철저히 규명하다,,teacher_review_required
W0324,324,T33,난무,43,9,364,함부로 나서서 마구 날뜀,예) 유언비어가 난무하다,,teacher_review_required
W0325,325,T33,박멸,43,10,365,모조리 잡아 없애 버림,예) 모기를 박멸할 약이 나왔다,,teacher_review_required
W0326,326,T33,근절,43,11,366,뿌리째 없애 버림.,예) 부정부패를 근절해야한다.,,teacher_review_required
W0327,327,T33,굼뜨다,43,12,367,동작이 답답할 만큼 느리다.,예) 몸집이 커서 하는 짓이 굼뜨다,,teacher_review_required
W0328,328,T33,소지하다,43,13,368,물건 따위를 몸에 지님,예) 승객이 신분증을 소지했다,,teacher_review_required
W0329,329,T33,잉태하다,43,14,369,아이나 새끼를 임신함,예) 어머니가 아이를 잉태했다,,teacher_review_required
W0330,330,T33,첨부,43,15,370,안건이나 문서 따위를 덧붙임,예) 서류를 첨부해야 합격이다,,teacher_review_required
W0331,331,T34,삭이다,45,1,371,소화를 시키거나 화를 가라앉히다,예) 마음속 분노를 삭이다,,teacher_review_required
W0332,332,T34,냉소,45,2,372,쌀쌀맞은 태도로 업신여겨 비웃음,예) 입가에 냉소가 흐르더라,,teacher_review_required
W0333,333,T34,시부렁거리다,45,3,373,쓸데없는 말을 계속 지껄이다,예) 교실 뒤에서 시부렁거리다,,teacher_review_required
W0334,334,T34,재해,45,4,374,천재지변으로 인한 피해,예) 산불로 인한 재해가 크다,,teacher_review_required
W0335,335,T34,얼버무리다,45,5,375,말을 확실히 하지 않게 넘김,예) 말을 대충 얼버무리다,,teacher_review_required
W0336,336,T34,날조,45,6,376,사실인 것처럼 거짓으로 꾸밈,예) 유언비어 날조가 심해지고 있다,,teacher_review_required
W0337,337,T34,말소,45,7,377,기록된 사실을 지워 없앰,예) 기록을 완전히 말소하다,,teacher_review_required
W0338,338,T34,목도,45,8,378,눈으로 직접 어떠한 사실을 봄,예) 현장을 생생히 목도하다,,teacher_review_required
W0339,339,T34,성토,45,9,379,어떤 잘못을 소리 높여 비판함,예) 마당에서 지금 성토하고 있다,I007,teacher_review_required
W0340,340,T34,선양,45,10,380,명성이나 국위를 널리 떨치게 함,예) BTS는 국위를 선양하다,,teacher_review_required
W0341,341,T35,소유하다,45,11,381,물건을 자기 것으로 가짐,예) 그가 넓은 땅을 소유했다,,teacher_review_required
W0342,342,T35,수거하다,45,12,382,여러 곳에서 물건을 거두어 모음,예) 미화원이 쓰레기를 수거했다,,teacher_review_required
W0343,343,T35,보육,45,13,383,어린아이를 돌보아 기름,예) 보육시설이 많아져서 다행이다,,teacher_review_required
W0344,344,T35,수확하다,45,14,384,심은 농작물을 거두어들임,예) 농부가 곡식을 많이 수확했다,,teacher_review_required
W0345,345,T35,징수하다,45,15,385,국가나 단체가 돈을 거두어들임,예) 정부가 세금을 징수했다,,teacher_review_required
W0346,346,T35,아류,47,1,386,문학·예술·학문에서 모방함,예) 대가의 아류에 불과하다,,teacher_review_required
W0347,347,T35,엄습,47,2,387,갑자기 덮치거나 들이닥침,예) 공포가 엄습하다,,teacher_review_required
W0348,348,T35,유예,47,3,388,망설여 일의 집행을 뒤로 미룸,예) 형의 집행을 유예하다,,teacher_review_required
W0349,349,T35,고귀한,47,4,389,지위가 높고 귀하다.,예) 여배우가 고귀한 성품을 가졌다,,teacher_review_required
W0350,350,T35,살균,47,5,390,약이나 높은 열로 세균을 죽임,예) 살균된 우유를 먹어야 한다,,teacher_review_required
W0351,351,T36,저촉,47,6,391,"법률, 규칙에 부딪쳐 어긋남",예) 법률에 저촉되는 행위다,,teacher_review_required
W0352,352,T36,전도되다,47,7,392,"위아래, 앞뒤 차례가 뒤바뀜",예) 주객이 전도되다,,teacher_review_required
W0353,353,T36,규탄,47,8,393,잘못을 밝혀내어 따지고 나무람.,예) 잘못된 것은 규탄해야한다,,teacher_review_required
W0354,354,T36,초빙,47,9,394,예를 갖춰 불러 맞아들임,예) 전문 교수님을 초빙했다,,teacher_review_required
W0355,355,T36,비근한,47,10,395,"주변에서 흔히 볼 수 있는, 비슷한",예) 비근한 예를 들다,,teacher_review_required
W0356,356,T36,획득하다,47,11,396,원하는 것을 얻어 냄,예) 선수가 금메달을 획득했다,,teacher_review_required
W0357,357,T36,애통하다,47,12,397,슬프고 가슴이 아프다.,예) 애통해서 땅을 치고 울었다,,teacher_review_required
W0358,358,T36,할증,47,13,398,일정한 액수에 얼마를 더 얹음.,예) 시간이 늦어 할증 요금을 냈다,,teacher_review_required
W0359,359,T36,중지하다,47,14,399,하던 일을 도중에 그만둠,예) 심판이 경기를 중지했다,,teacher_review_required
W0360,360,T36,철회하다,47,15,400,"제시했던 주장, 의견을 거두어들임",예) 노조가 파업을 철회했다,,teacher_review_required
W0361,361,T37,짐짓,49,1,401,일부러 마음을 숨기고,예) 그를 짐짓 모른 척하다,,teacher_review_required
W0362,362,T37,도피하다,49,2,402,도망하여 몸을 피함.,예) 가까스로 도피해 살아남았다,,teacher_review_required
W0363,363,T37,무릇,49,3,403,대체로 보아서,예) 무릇 인간이란 존재,,teacher_review_required
W0364,364,T37,조작,49,4,404,어떤 일을 사실인 듯이 꾸며 만듦.,예) 사건이 조작되어 누명을 썼다,I008,teacher_review_required
W0365,365,T37,얼추,49,5,405,대충 어림잡아,예) 얼추 계산이 끝나다,,teacher_review_required
W0366,366,T37,불한당,49,6,406,"땀을 흘리지 않는 무리, 강도 떼",예) 이 불한당 같은 놈들아,,teacher_review_required
W0367,367,T37,누명,49,7,407,억울하게 뒤집어쓴 불명예,예) 누명 쓴 것이 억울해 소리쳤다,I069,teacher_review_required
W0368,368,T37,폭염,49,8,408,불볕더위,예) 사막처럼 연일 폭염이다,,teacher_review_required
W0369,369,T37,파렴치,49,9,409,염치를 깨뜨려 부끄러움을 모름,예) 파렴치한 범죄를 저지르다,,teacher_review_required
W0370,370,T37,도화선,49,10,410,불을 당기는 선처럼 사건이 일어남,예) 전쟁의 도화선이 되다,,teacher_review_required
W0371,371,T38,기승,49,11,411,기운이 누그러들지 않음,예)올 여름은 더위가 기승을 부린다,,teacher_review_required
W0372,372,T38,초월,49,12,412,어떤 한계나 표준을 뛰어넘음,예) 상상을 초월한 작품이다,,teacher_review_required
W0373,373,T38,발급하다,49,13,413,기관에서 증명서를 발부함,예) 주민등록등본을 발급받다.,,teacher_review_required
W0374,374,T38,수료하다,49,14,414,"학업, 교육 과정을 모두 마치다",예) AI교육 과정을 수료했다.,,teacher_review_required
W0375,375,T38,제거하다,49,15,415,방해되거나 불필요한 것을 없애다,예)　장애물을 제거해 사고를 막음,,teacher_review_required
W0376,376,T38,별세,51,1,416,윗사람이 세상을 떠남.,예) 나이가 많이 드셔서 별세하셨다,,teacher_review_required
W0377,377,T38,희박한,51,2,417,일의 희망·가망이 적다.,예) 이길 확률이 아주 희박하다,,teacher_review_required
W0378,378,T38,노상,51,3,418,변함없이 언제나,예) 이 부부는 노상 붙어 다니다,,teacher_review_required
W0379,379,T38,사뭇,51,4,419,마음에 사무치도록 아주,예)　분위기가 사뭇 다르다,,teacher_review_required
W0380,380,T38,자못,51,5,420,생각보다 훨씬 아주,예) 계획은 자못 기대가 크다,,teacher_review_required
W0381,381,T39,등용문,51,6,421,입신출세에 연결되는 어려운 관문,예)　신인 작가의 등용문이다,,teacher_review_required
W0382,382,T39,설욕전,51,7,422,부끄러움을 씻기 위해 치르는 경기,예)　승리를 위한 설욕전이다,,teacher_review_required
W0383,383,T39,요지경,51,8,423,세상 돌아가는 모습이 복잡함,예) 요지경 같은 세상이다,,teacher_review_required
W0384,384,T39,대단원,51,9,424,"소설, 연극의 사건의 마지막 장면",예) 감동적인 대단원의 막을 내리다,I052,teacher_review_required
W0385,385,T39,기대주,51,10,425,앞으로 잘될 것이라 기대를 모으는 대상,예) 이 선수는 차세대 기대주이다,,teacher_review_required
W0386,386,T39,동참,51,11,426,어떤 일에 같이 참여함,예)　시민이 환경 보호에 동참했다,,teacher_review_required
W0387,387,T39,합격,51,12,427,조건이나 시험 기준에 맞아 붙음,예) 열심히 공부해서 합격했다,,teacher_review_required
W0388,388,T39,향상되다,51,13,428,"실력, 수준, 기술이 좋은 상태로 발전",예) 꾸준한 연습해 실력이 향상됐다,I026,teacher_review_required
W0389,389,T39,부착,51,14,429,떨어지지 않게 붙다,예) 안내문이 게시판에 부착됐다,,teacher_review_required
W0390,390,T39,수반되다,51,15,430,"어떤 일, 현상에 곁따라 같이 일어남",예) 권리에는 의무가 수반된다,,teacher_review_required
W0391,391,T40,선심쓰다,53,1,431,남에게 베푸는 후한 마음,예) 짝이 지우개를 선심쓰듯 주었다,I053,teacher_review_required
W0392,392,T40,황무지,53,2,432,시물이 자라기 힘든 거친 땅.,예) 황무지를 개간해 옥토가 되었다,I027,teacher_review_required
W0393,393,T40,비범,53,3,433,매우 뛰어나다,예) 홍길동은 비범한 재주를 가졌다,,teacher_review_required
W0394,394,T40,영특하다,53,4,434,남달리 뛰어나고 훌륭하다.,예) 넌 보기보다 영특한 아이구나,,teacher_review_required
W0395,395,T40,알싸하다,53,5,435,매운맛이나 향이 알알하다,예) 음식이 알싸한 마늘 맛이다,,teacher_review_required
W0396,396,T40,소인배,53,6,436,마음이 좁고 간사한 무리,예) 그는 이익만 좇는 소인배다,,teacher_review_required
W0397,397,T40,옹고집,53,7,437,억지가 심하여 융통성이 없는 고집,예) 남의 말을 듣지 않는 옹고집이다,,teacher_review_required
W0398,398,T40,일당백,53,8,438,"매우 용감함, 일인당백",예) 나는 일당백 인재다,I054,teacher_review_required
W0399,399,T40,암시,53,9,439,넌지시 깨우쳐 줌. 힌트.,예) 주제를 암시하는 구절이 있다,,teacher_review_required
W0400,400,T40,면역,53,10,440,병에 걸리지 않을 저항력이 있음.,예) 운동은 면역 기능을 높혀준다,I028,teacher_review_required
W0401,401,T41,근원,53,11,441,사물이 생겨나는 본바탕,예) 이 강의 근원을 찾아보자,I009,teacher_review_required
W0402,402,T41,의지하다,53,12,442,"사람, 사물에 몸이나 마음을 기댐",예) 목표에 굳은 의지를 보이다,I010,teacher_review_required
W0403,403,T41,결제,53,13,443,대금을 주고받아 거래 관계를 끝맺다,예)　식사 후 카드로 결제했다.,,teacher_review_required
W0404,404,T41,궁극적인,53,14,444,어떤 과정의 마지막이나 끝,예)　궁극적인 너의 목표가 뭐냐,I011,teacher_review_required
W0405,405,T41,도약,53,15,445,뛰어오름. 급격한 발전,예) 1년을 돌아보니 도약이 보인다,,teacher_review_required
W0406,406,T41,화사하다,55,1,446,화려하게 곱다.,예) 화사한 옷차림을 하고 나갔다,,teacher_review_required
W0407,407,T41,병행,55,2,447,두 가지 일을 한꺼번에 행함.,예) 숙제와 청소를 병행하기 힘들다,,teacher_review_required
W0408,408,T41,괄괄하다,55,3,448,성질이 급하고 억세다,예)　성격이 괄괄한 사람이다,,teacher_review_required
W0409,409,T41,애잔하다,55,4,449,가냘프고 애처롭다,예) 애잔한 눈빛으로 바라보다,,teacher_review_required
W0410,410,T41,얍삽하다,55,5,450,"행동, 마음씨가 야비하고 얄밉다",예) 그는 얍삽하게 승리했다,,teacher_review_required
W0411,411,T42,기별,55,6,451,소식을 전함. 소식을 적은 종이.,예) 도착하면 꼭 기별부터 해하,I029,teacher_review_required
W0412,412,T42,백일장,55,7,452,"글재주를 겨루던 시험, 글짓기 대회",예) 이번 백일장에서 상을 받다,,teacher_review_required
W0413,413,T42,순박한,55,8,453,순진하고 소박하다.,예) 순박한 시골 청년.,I012,teacher_review_required
W0414,414,T42,자긍심,55,9,454,자기 스스로 자랑하는 마음,예) 학교에 대한 자긍심부터 가져라,,teacher_review_required
W0415,415,T42,밀접,55,10,455,썩 가깝게 맞닿아 있다,예) 그 아이와 더욱 밀접해졌다,,teacher_review_required
W0416,416,T42,차단하다,55,11,456,"통로나 빛, 흐름 등을 막거나 끊음",예)　방음벽 설치로 소음을 차단했다,,teacher_review_required
W0417,417,T42,금지,55,12,457,"법, 규칙, 행동을 하지 못하게 막음",예) 박물관 내부 촬영을 금지한다,,teacher_review_required
W0418,418,T42,밀봉,55,13,458,단단히 붙여 꼭 봉함,예) 남은 음식을 밀봉했다.,,teacher_review_required
W0419,419,T42,방어하다,55,14,459,"적의 공격, 비판을 막아냄",예)　있는 힘을 다해 방어하다,,teacher_review_required
W0420,420,T42,억제하다,55,15,460,"감정, 충동, 현상을 꾹 누름",예) 야식을 먹고 싶은 충동을 억제했다,,teacher_review_required
W0421,421,T43,위협적,57,1,461,힘으로 으르고 협박함,예) 말투가 위협적이어서 겁이났다,,teacher_review_required
W0422,422,T43,독특하다,57,2,462,특별하게 다름. 훨씬 뛰어남.,예) 그 식당의 파스타는 독특하다,I055;I070,teacher_review_required
W0423,423,T43,매몰차다,57,3,463,인정이 없고 쌀쌀맞음,예) 내 부탁을 매몰차게 거절하다,,teacher_review_required
W0424,424,T43,머쓱하다,57,4,464,무안하거나 부끄러워 어색,예)　아이가 머쓱한 표정을 짓다,,teacher_review_required
W0425,425,T43,솔깃하다,57,5,465,마음이 쏠려 움직임,예)　솔깃한 투자 제안을 받다,,teacher_review_required
W0426,426,T43,당사자,57,6,466,어떤 일에 직접 관계가 있는 사람,예) 사건 당사자를 소환했다,,teacher_review_required
W0427,427,T43,주동자,57,7,467,어떤 일을 앞장서서 이끄는 사람,예) 파업의 주동자를 검거했다,,teacher_review_required
W0428,428,T43,관람,57,8,468,"책, 유물, 경기 등을 구경하는 사람",예)　많은 경기 관람자가 모였다,I056,teacher_review_required
W0429,429,T43,호사가,57,9,469,일을 벌이기를 좋아하는 사람,예)　호사가의 입에 오르내리다,I057,teacher_review_required
W0430,430,T43,혜안,57,10,470,물의 본질을 꿰뚫어 보는 안목,예) 리더라면 혜안이 있어야  한다,I030,teacher_review_required
W0431,431,T44,방지,57,11,471,"좋지 않은 일, 사고를 막음",예) 재발 방지를 위한 회의를 하다,,teacher_review_required
W0432,432,T44,체류,57,12,472,다른 곳에 머무르다,예)　외국에 오래 체류하다,,teacher_review_required
W0433,433,T44,정박,57,13,473,배를 닻을 내려 멈추다,예) 항구에 배가 하루만 정박하다,,teacher_review_required
W0434,434,T44,정차하다,57,14,474,차를 잠시 멈추다,예)　정류장에 버스가 정차하다,,teacher_review_required
W0435,435,T44,정체하다,57,15,475,막혀서 통하지 못해 머물러 그침,예)　귀성길 정체가 심하다,,teacher_review_required
W0436,436,T44,추레하다,59,1,476,겉모양이 지저분하고 허름함,예) 옷차림이 추레하다,,teacher_review_required
W0437,437,T44,극한,59,2,477,몹시 심한 추위,예) 극한의 추위가 몰려올 것이다,I013;I058,teacher_review_required
W0438,438,T44,어귀,59,3,478,드나드는 목의 첫머리,예) 금방 마을 어귀에 접아들었다,I031,teacher_review_required
W0439,439,T44,든적스럽다,59,4,479,하는 짓이 더럽고 지저분함,예) 든적스러운 행동을 삼가다,I062,teacher_review_required
W0440,440,T44,새삼스럽다,59,5,480,하지 않던 일을 하여 생소함,예) 새삼스럽게 왜 그러니,,teacher_review_required
W0441,441,T45,일가견,59,6,481,어떤 분야에 독자적인 경지에 이른 견해,예) 이 분야에 일가견이 있다,,teacher_review_required
W0442,442,T45,좌우명,59,7,482,늘 옆에 두고 가르침을 삼는 문구,예) 인생의 좌우명으로 삼다,,teacher_review_required
W0443,443,T45,청사진,59,8,483,구체적인 미래 계획,예) 미래의 청사진을 제시하다,,teacher_review_required
W0444,444,T45,심미안,59,9,484,아름다움을 살피고 감상하는 안목,예)　미술품을 보는 심미안이 있다.,,teacher_review_required
W0445,445,T45,각축,59,10,485,뿔을 겨루듯 서로 이기려고 다툼,예) 치열하게 각축을 벌이다,,teacher_review_required
W0446,446,T45,침체,59,11,486,분위기나 세력이 가라앉음,예) 경제가 불황으로 침체되다,,teacher_review_required
W0447,447,T45,연세,59,12,487,‘나이’의 높임말.,예) 할아버지께 연세를 여쭈었다,,teacher_review_required
W0448,448,T45,조롱하다,59,13,488,비웃거나 깔보면서 놀림,예) 선배가 조롱하듯 나를 본다,I071,teacher_review_required
W0449,449,T45,언급하다,59,14,489,어떤 문제를 말함,예) 중간고사 계획을 언급했다,,teacher_review_required
W0450,450,T45,예민하다,59,15,490,감각이 지나치게 날카롭다,예) 시험때라 신경이 많이 예민하다,,teacher_review_required
