검수ID,PRD요구ID,요구사항,정상시나리오,실패·경계시나리오,기대결과·판정조건,검증방법·필요증거,우선도,검수단계,상태
AC-F01-01,F01,학생·교사 권한,학생은 본인 과제; 교사는 담당 학생 조회,학생이 역할 탭·주소·student_id를 교사·타학생으로 변경,서버에서 차단; 응답에 타학생 이름·답안 없음; UI 역할 변경으로 권한 증가 없음,API 권한 테스트와 학생·교사 세션 화면 기록,P0,통합,미실행(실서비스)
AC-F01-02,F01,학원 격리,소속 학원·담당 반 조회,다른 학원 및 미담당 반 ID 직접 조회·평가·CSV·PDF 요청,읽기·쓰기·출력 모두 권한 차단; 콘텐츠 승인자는 학생 답안 기본 열람 불가,역할·학원·반 권한 행렬 요청과 응답,P0,통합,미실행(실서비스)
AC-F02-01,F02,공용기기 학생 전환,학생 A 종료 후 B 로그인,뒤로가기·새로고침·직접주소·미전송 초안 복원 시도,A 세션 무효화; A 이름·답안 캐시 표시 없음; B에게 A 미전송 답안 섞이지 않음,같은 브라우저 2계정 전환 재현,P0,통합,미실행(실서비스)
AC-F03-01,F03,원문 연결·승인 공개,출처 연결된 승인 의미·진단 뜻·활동 버전 배정,출처 누락·권리 미확인·사전 미대조 진단뜻·보류·미승인 문항 배정,차단 사유 표시; 원문 450행을 승인 의미 450개로 처리하지 않음; 현재 초안 10개 실서비스 전량 보류,CSV 유효성 보고와 콘텐츠 상태 전이·학생 API,P0,콘텐츠·통합,미실행(실서비스)
AC-F03-02,F03,CSV 콘텐츠 가져오기,형식·참조 검사 후 검수 승인 공개,중복 키·참조 없는 의미·복수 정답·답 드러나는 문항,미리보기 오류와 배치 ID; 오류 행 임의 공개 없음; 승인자·시각·보류 이유 기록,샘플 CSV 업로드·검수·공개 이력,P0,콘텐츠·통합,미실행(실서비스)
AC-F04-01,F04,보조 수준,교사가 L1/L2/L3와 근거 변경,학년만으로 난도 확정·미승인 수준 변형 요청,진단 표본·교사 조정 근거 표시; 승인 변형 부족은 보류·조정 안내,수준 배정 화면 및 배정 활동 버전 확인,P1,통합·사용성,미실행(실서비스)
AC-F05-01,F05,전수 의미·단어 매칭 진단,사전적 의미 10개에 무작위 단어 10개를 직접 배치 또는 모른다 자동 배치,9개 완료·1개 미배치 null; 진단 완료 전에 계획 생성 요청,모든 행 완료 전 계획 차단; null을 unknown 자동 처리하지 않음; 모른다는 unknown 자동 답으로 별도 저장,진단 화면·10행 상태와 서버 우회 요청,P0,통합,미실행(실서비스)
AC-F05-02,F05,진단 공개 전 스냅샷·이력,첫 모른다 선택 직전 전체 10행 배치 저장 뒤 자동 답 공개,정답 공개 뒤 원배치 변경·뒤로가기·재접속·두번째 모른다,첫 공개 전 스냅샷 불변; 직접 배치·자동 답·노출 후 답 구분; 공개 후 재채점으로 known 승격 없음,배치·노출 이벤트 순서와 진단 분류·재접속 비교,P1,통합,미실행(실서비스)
AC-F06-01,F06,문맥 추론·답 노출,혼합 빈칸 10문항·문항당4지선다 응답 후 해설,첫 응답 전 목표 단어 제목·정의·정답키·해설 제공,제출 전 문장·4선택지만 제공; 정답 제목·정의·키·해설 미전송; 답 제출 뒤 해설; 선택지 단일 정답 교육 검수,학생 네트워크 응답과 콘텐츠 검수 기록,P0,콘텐츠·통합,미실행(실서비스)
AC-F06-02,F06,독립 첫 수행,도움 없이 첫 응답 정답,첫 응답 전 힌트 후 정답; 첫 오답 후 정답 재시도,독립 분자는 도움 없는 첫 정답만; 도움 후 성공 별도; 첫 응답 오답 보존,서버 힌트·제출 순서와 집계 재현,P0,통합,미실행(실서비스)
AC-F07-01,F07,작문 의미·수정,배운10단어 각각 자연스러운 활용형 한 문장 초고·수정 제출,표제어 문자열만 넣은 무의미 문장·수정 반복·known 단어 작문 제외,전체10단어 작문 대상 유지; 키워드만으로 통과 없음; 초고·수정 이력; 수정이 활동수·전수진도 중복 증가 없음,승인 작문 사례·교사 평가·활동 수 확인,P0,콘텐츠·통합,미실행(실서비스)
AC-F07-02,F07,평가 대상 제출본,교사가 제출본 1 평가,동시에 학생이 제출본 2 수정 제출,평가는 제출본 1에 연결; 제출본 2는 미검토; 최신 답안에 옛 평가 자동 확정 없음,동시 제출·평가 재현과 제출본 ID 확인,P0,통합,미실행(실서비스)
AC-F08-01,F08,교사 검토,작문 정답/오답/검토(애매) 중1개 선택·자동 다음분류 확인후 확정,판정미선택·두판정동시선택·미담당교사평가·코멘트없음,null은미검토;3버튼단일필수·같은버튼재클릭해제없음;코멘트/별도분류선택/이유는선택;대상본·자동근거·교사·시각저장,3버튼·자동선택값·comment빈값 확정·pending/confirmed API검수,P0,통합,미실행(실서비스)
AC-F09-01,F09,간격 복습·결석,D1/D3/D7/D14 기본 일정 생성,결석·오답·교사 하루 상한 변경,원래 일정과 조정 이유 보존; 과도한 밀린 복습 재배치; 도움 후 성공 별도,복습 일정 시뮬레이션·변경 이력,P1,통합·운영,미실행(실서비스)
AC-F09-02,F09,지연 측정 경과,마지막 해당 의미 학습 7일 이후 측정,그 사이 주간 복습으로 재노출·7일 미경과,실제 마지막 노출·경과 표시; 일반 연습과 측정 단계 분리; 일정 재산정,노출 이벤트와 측정 예정일 경계 예제,P0,통합·파일럿,미실행(실서비스)
AC-F10-01,F10,과제 배정·CSV,담당 반 또는 개인 승인 과제 배정·출력,미담당 반·타학원 학생 포함·수식형 자유문구 CSV,서버 권한·필드 검사; 무권한 행 제외·차단; CSV 수식 해석 방지 처리,과제·내보내기 요청 범위와 CSV 검수,P0,통합,미실행(실서비스)
AC-F11-01,F11,저장·복구,서버 ACK 후 저장시각·재접속 복원,네트워크 단절·저장 실패·미전송 초안,ACK 전 저장완료 표시 없음; 실패·재시도 안내; 마지막 서버 저장본 복원; 미전송은 실적 제외,연결 차단·새로고침·서버 기록 비교,P0,통합,미실행(실서비스)
AC-F11-02,F11,멱등·충돌 저장,유효 응답 1회 제출,더블클릭·동일 요청 재전송·오래된 탭 저장,동일 제출 한 번 수락; 첫 응답 고정; revision 충돌로 최신 답안 덮어쓰기 방지,멱등 키·고유 제약·두 탭 재현,P0,통합,미실행(실서비스)
AC-F12-01,F12,접근성,키보드·터치로 점검·문항·작문,색 구별 어려움·포커스 이동·작은 화면·동작 감소,라벨·선택 상태 텍스트·포커스·오류 안내; 키보드 전체 흐름; 본문 대비와 화면 재배치 확인,키보드 수동 검수·대비 측정·기기 관찰,P1,사용성·통합,미실행(실서비스)
AC-F13-01,F13,문항 버전 보존,활동 v1 배정·답안·평가,교정 v2 공개 또는 v1 신규 배정 중단,과거 문항·정답·옛배점평가이력 재현;3버튼자동환산없음;기존확정분류보존;교정/갱신 새버전·과거자료불변,v1/v2 답안 재현·교정 감사 이력,P0,콘텐츠·통합,미실행(실서비스)
AC-F14-01,F14,객관 60·30·10 배분,세그룹·객관N10·편차없음,전수작문10·진단·기간전수·측정을 배분 분모에 포함,10개 객관 정규활동6·3·1; N3은2·1·0; 중심 의미 기준; 작문·진단·전수·측정 배분 제외,고정 입력 배분 함수 검수·계획 스냅샷,P0,단위·통합,미실행(실서비스)
AC-F14-02,F14,빈 그룹·정수 편차,모름 없음·N10,동일 조건 다음 회차·한 그룹만 존재,첫 0·8·2; 다음 편차 보정 0·7·3; 한 그룹은 N; 타이 순서·정책 버전 기록,연속 회차 계산 예제 및 저장된 편차,P0,단위·통합,미실행(실서비스)
AC-F14-03,F14,문항 공급 부족,그룹별 적절한 승인 미사용 새문맥 충분,교사 판정후 소수단어 쏠림·적절한 연습공급 부족·모든활동없음,일반제품 승인 재배분/N축소 사유; 이번 시범 고정공급 부족은 보류·문항보완; 동일문항 반복 채움 없음; 0/0 계산 불가,공급 부족 데이터·조정 계획·학생 안내,P0,단위·통합,미실행(실서비스)
AC-F15-01,F15,진단·자동/수동분류·배정구분,원진단 known·기존6·3·1 계획 고정,교사자동known을uncertain수정확정·학생수정만제출,원진단·현재문항/그룹/할당량불변;확정수동분류는자동제안보다우선·다음계획만적용;학생수정만으로승격없음,진단·교사판정·현재/다음 계획 버전 비교,P0,통합,미실행(실서비스)
AC-F16-01,F16,기간별 집계,일간·주간·월간 필터·같은 과제 완료율,지난주 과제를 이번주 제출·현재 상태 변경,완료율은 예정 학습일 대상·실적은 수락 시각; 이월 수행 별도; 배정/완료/고유 어휘 구분,기준 데이터 수기 계산과 API·CSV·화면 비교,P0,집계·통합,미실행(실서비스)
AC-F16-02,F16,단계·고유 어휘,진단·객관정규·전수작문·기간전수·보충·간격·측정 별도 집계,같은 의미 여러 날 응답·재시도·수정·비교 단어,객관60+초고10=70; 진단·복습·측정 별도; 주월 고유수는 의미집합; 재시도·수정 중복활동 없음,이벤트·활동·의미 집합 대조,P0,집계·통합,미실행(실서비스)
AC-F17-01,F17,진단·교사판정·수행 변화 분석,동일 의미 표본 사전/후 및 진단→교사 확정 비교,노출후 정답·자동답·난도변경·미응시·작문 미검토,진단 스냅샷·노출조건·교사 이해판정 버전·독립수행 별도; 40→70은30%p; 결측0점 처리 없음,측정 폼·분자분모·결측 표시 검수,P0,콘텐츠·집계,미실행(실서비스)
AC-F18-01,F18,개인 학부모 PDF,교사 확인·1학생·기간 미리보기 후 출력,반 전체 자료 포함·대상 학생 잘못 선택·미확인 문구,한 학생 자료만; 대상·기간·기준·버전·확인 메시지; 내부메모 없음; 미검토 작문 상태 표시,PDF 텍스트·학생 ID·페이지·미리보기 대조,P0,출력·통합,미실행(실서비스)
AC-F18-02,F18,PDF 작업·다량 단어,학생별 묶음 출력·많은 월간 단어,PDF 작업 실패·타학생 파일 URL·요약 목록 누락,개인별 파일; 실패·재시도 상태; 다운로드 권한 재검사; 전체 대상 수 및 개인 별첨 표시,PDF 큐·권한 우회·전체목록 대조,P0,출력·통합,미실행(실서비스)
AC-F19-01,F19,홍보 익명 요약,별도 목적·기간·표본·분모·방법 출력,학부모 개인 PDF 재사용·이름/반/작문 인용·자기판단만 효과 주장,식별정보 제거; 공개 범위 확인 기록; 개인 사례 별도 확인; 측정 한계 명시; 자동 공개 없음,목적별 출력 모델과 익명 요약 검수,P0,출력·운영,미실행(실서비스)
AC-F20-01,F20,보고서 재현,as_of·정책·의견·파일 버전 고정,늦은 교사 평가·교정·새로운 집계,옛 PDF·수치 불변; 새 버전 생성; 원활동·평가시각·기준시각 연결; 파일 해시 유지,v1/v2 스냅샷·PDF 텍스트·해시 비교,P0,집계·출력,미실행(실서비스)
AC-F21-01,F21,교사 직접 평가,4항목·종합평가·근거 작성,학습태도관찰없음·문장3버튼판정과기간정성평가혼용,미관찰미평가;접속량으로태도자동확정없음;기간5상태정성평가와문장3버튼/자동다음분류별도,교사 입력·근거·출처·PDF 검수,P0,통합·사용성,미실행(실서비스)
AC-F22-01,F22,직접 부모 메시지,교사 자유문구·서명·포함항목 확인,내부메모 노출·초안 최종 출력·확인 후 수정,내부메모 부모 출력모델 제외; 초안 표시; 최종은 재확인된 의견 버전·서명 고정,화면·저장 의견·PDF 문구 일치 확인,P0,출력·통합,미실행(실서비스)
AC-F23-01,F23,기간 전수 대상,주·월·분기 실제 응답 의미 중복 제거,known/uncertain/unknown·오답·도움·전수작문 미검토초고·매칭진단만·비교보조·측정만,모든 이해그룹·유효 초고 포함; 진단/열람/보조/측정만 제외; 교사미검토 때문에 전수대상 제외 없음,대상 집합 수기 대조·의미별 근거 확인,P0,집계·통합,미실행(실서비스)
AC-F23-02,F23,KST 기간 경계,월요일/월1일/분기1일 기준,UTC와 KST 경계·윤년2월29일·12월31일·늦은 제출,시작 포함 끝 제외 KST; 달 말일·분기 정확; 실제 제출은 수락 기간·과제 완료는 원래 대상,경계 시각·달력·이월 기준 데이터 검수,P0,단위·집계,미실행(실서비스)
AC-F24-01,F24,전수와 보충 분리,모든 대상 첫 확인후 최신 교사판정 기반 객관보충 생성,전수단계 known 제외·60비중 적용·아직 미확인인데 종료,전수 모든의미·비중미적용; 끝난뒤 객관보충60·30·10·교사확정이해 우선; 다른 정규보충으로 전수완료 대체 없음,단계 상태 전이·대상 배정·카운터 확인,P0,통합,미실행(실서비스)
AC-F25-01,F25,청크·진도,5–10개 청크 저장·이어서,오답·힌트·재시도·수정·중복 제출·대상0,오답도 첫확인 진도; 같은 의미 한 번만; 정답률 별도; 대상0 성취100% 아님; 저장 ACK·복원,청크 중단·재접속·진도 분자분모 검수,P0,통합,미실행(실서비스)
AC-F25-02,F25,대상 버전·문항 부족,v1 10중6 확인,2단어 추가·새문맥 공급 없는 단어·복습 중 자동 분모 변화,v2 12중6·2추가 표시; 이전진도·PDF 보존; 진행중 분모 고정; 누락 문항은 보완 대기,버전 변환·진도 승계·대상 단어 대조,P0,통합,미실행(실서비스)
AC-F26-01,F26,교사 복습·부모 보고,미확인·취약·단계·다음계획 조회,반 고유수와 학생 합계 혼용·주월분기 중복 실적,학생별 진도·반 합집합 구분; 전수/보충/정규 별도; 부모 자료에 대상/확인/남음/다음 계획,교사 필터·개인PDF·집계 원본 비교,P0,집계·출력,미실행(실서비스)
AC-OPS-01,F11;F13;F20,백업 복구,시험 환경 DB·파일 복원,원자료 일부 손상·보고서 파일 미연결,답안·문항버전·평가·복습·파일 연결 재현; 실제 복구 소요 측정; 목표는 계약 후 검수,복원 기록·복구 전후 표본 대조,P0,운영,미실행(실서비스)
AC-OPS-02,F01;F02;F11;F18,운영·부하,합의한 동시사용·브라우저·저장·출력,부하 중 저장 실패·권한없는 다운로드·실패 작업 누적,데이터 유실·권한 누출 없음; 실패 상태 복구; 실제 성능·동시사용 측정 근거; 미측정 수치 보장 금지,실환경 성능·오류·작업큐·지원 복구 기록,P0,운영,미실행(실서비스)
AC-F14-04,F14,누적 정수편차·음수 경계,N1 세그룹 같은 공급조건 10회 배정,세번째 target 0.8·−0.1·0.3; 합계초과·그룹변경·공급제약,첫 unknown/둘째 uncertain/셋째 unknown; 음수 q없음·합계N; 10회6·3·1; 초과는 과다배정 그룹 감소; 조건변경 credit초기화·사유,정책 산식 고정 입력·연속회차·공급제약 예제,P0,단위·통합,미실행(실서비스)
AC-F03-03,F03,진단 사전적 의미 검수,definition_for_check 사전 대조·목표어 제거·승인,사전대조 미완료·풀이에 답 표제어 포함,현재10뜻 모두초안; 실제담당 승인 전 실서비스 공개차단; 진단 자극 버전·출처 연결,진단뜻·사전대조·교육승인 기록,P0,콘텐츠·통합,미실행(실서비스)
AC-F05-03,F05;F12,드래그·클릭·키보드 매칭,단어 토큰을10뜻에 배치·이동,동일토큰 두행배치·모른다 정답토큰이 다른행에 이미 있음,토큰 중복없음; 자동행잠금; 충돌행 현재배치 비움·이동안내; 원스냅샷 보존; 3입력방식 동등,드래그·클릭·키보드·충돌토큰 상태 재현,P0,통합·사용성,미실행(실서비스)
AC-F05-04,F05;F17,노출 후 정답 분류,공개전 스냅샷 행A알맞음 행B오답 행Cnull; 행D모른다,공개후 B/C알맞게배치·뒤로가기 다시진단제출,A원배치known; B원배치uncertain; C노출후uncertain+재확인; Dunknown자동답; 최종맞음으로승격없음,공개전전체배치·최종배치·분류·독립분자분모 비교,P0,통합,미실행(실서비스)
AC-F05-05,F05;F17,모두 모른다 자동 답,10행 모두모른다 선택·자동잠금,자동으로채워진10정답을 정답률100%로 계산,unknown10; 자동답 독립정답 분자·분모 제외; 독립응답없음 표시; 진단완료와 숙달 구분,자동답·행상태·진단집계 검수,P0,집계·통합,미실행(실서비스)
AC-F05-06,F05;F11,자동답 원자 저장,첫공개직전 전체스냅샷 서버저장ACK 후 답 공개,저장실패·동일모른다 요청재전송·두개동시요청,실패때 정답공개/저장완료 표시않음; 첫스냅샷 한번고정; 자동답중복·토큰복제없음,저장실패·멱등·동시선택 이벤트 순서 검수,P0,통합,미실행(실서비스)
AC-F06-03,F06;F11,혼합4지와 뒤로가기 순서,문항10·각4선택지 최초 무작위고정,뒤로가기·새로고침·재시도에서 목표어제목·정의노출 또는순서변경,제출전목표어/정의미제공; 4지선다·고정순서·첫응답·해설보존; 재채점중복없음,초기/뒤로가기 UI·학생API·계획순서 비교,P0,통합,미실행(실서비스)
AC-F07-03,F07;F25,10단어 전수 작문 진행,각단어1문장·10유효초고제출,9초고→복습 이동요청·10초고모두 교사검토대기,9개면남은1안내;10개면교사검토대기차단없이복습; known단어포함·작문별진도; 수정은중복카운트안함,작문대상·10초고·잠금/이동·저장복원 검수,P0,통합,미실행(실서비스)
AC-F08-02,F08;F15,객관·작문 자동분류와교사확정,객관첫답모두정답1개이상+작문정답→known 자동선택,객관첫오답후재시도정답·객관없음·작문검토/오답·새수정본,작문오답unknown/검토uncertain;작문정답+객관오답/없음uncertain;힌트정답은known+도움표시;새수정본재확인전승격없음,현재묶음/단어 첫응답집합·작문판정·자동분류·제출본 버전 비교,P0,통합,미실행(실서비스)
AC-F11-03,F11;F02;F20,역할별 모든 화면 뒤로가기,학생단계·교사검토/리포트/PDF에서뒤로가기,미저장초안·첫응답완료·검토후·복습진도후·로그아웃뒤브라우저복원,답안·초고·판정·선택학생/기간·진도보존; 완료수중복없음; 미저장안내; 로그아웃시타학생노출차단,화면내/브라우저뒤로가기·저장상태·수치 재현,P0,통합·사용성,미실행(실서비스)
AC-F14-05,F14;F07,60객관과10작문·시범공급,6회객관60=36/18/6·10전수초고별도,이전54객관+6초고가정·문항반복·진단/측정혼합,전체70활동; 가상5/3/2 연습공급40/24/16; 연습80/측정30/주20/월10/분기10총150객관·20작문질문; 동적부족보류,콘텐츠은행 유형별수·소비한문항ID·단계카운터 비교,P0,콘텐츠·집계,미실행(실서비스)
AC-F15-02,F15;F08,진행중 계획 동결,6/3/1 문항·순서·그룹확정후학습중,객관·작문자동분류/수동변경확정·학생수정·객관근거추가,진행중문항/할당량/순서불변;새계획은최신확정최종분류우선;옛근거스냅샷자동재계산없음,계획해시·교사판정버전·다음계획 근거,P0,통합,미실행(실서비스)
AC-F24-02,F24;F26,교사판정과 전수대상 독립,전수10의일부known/uncertain/unknown 교사확정,known제외·unknown우선만배정·보충전에미확인존재,전수10전체유지; 교사판정은전수누락사유아님; 전수완료뒤보충만최신판정60/30/10,대상집합·전수진도·교사판정·보충그룹 대조,P0,집계·통합,미실행(실서비스)
AC-F03-04,F03;F10;F23,교재450행 순서와45묶음,source_order1–450를10행씩45연속묶음;첫W0001–W0010,원문번호490으로총수계산·중복행삭제·보류4행대체/건너뜀·임의10단어선별,450원문행/45묶음순서유지; 첫까탈깜냥달포말미선잠강단있는격의융통성굴지기탄없이; W0004/6/8/10보류위치유지; 진단왼쪽/작문교재순서·오른쪽/객관표시만랜덤,원문source_order·묶음ID·보류상태·화면순서 전수대조,P0,콘텐츠·통합,미실행(실서비스)
AC-F08-03,F08,단일3버튼·선택코멘트,정답선택뒤오답선택후동일오답재클릭,두버튼선택·선택토글해제·코멘트빈값·이유미입력,현재판정오답1개유지;미선택확정은차단;코멘트/이유없어도판정있으면자동그룹확정가능,버튼상태·입력검증·확정요청 payload,P0,통합·사용성,미실행(실서비스)
AC-F08-04,F08;F17,자동그룹·도움통계분리,작문정답+현재단어객관첫답1개이상모두정답,힌트후첫정답·첫오답재시도정답·객관0개·작문오답/애매,힌트있어도known+도움표시·독립정답분자제외;첫오답/0근거는uncertain;작문오답unknown·애매uncertain,5조건입력별자동분류·독립분자분모·근거문구대조,P0,집계·통합,미실행(실서비스)
AC-F08-05,F08;F15;F20,확정근거스냅샷·수동우선,자동known→교사uncertain선택수정후확정,객관근거추가·본문수정·옛확정화면뒤로가기,manualuncertain최종우선;원문버전/첫응답ID/힌트/auto/manual/rule고정;추가근거로옛확정변경없음;새수정본재확인필요;과거PDF불변,스냅샷해시·정책버전·최종/과거계획/PDF비교,P0,통합,미실행(실서비스)
AC-F13-02,F13;F08,레거시배점·저장자료보존,옛점수grade·이미확정한명시group·진단/첫답/초고 읽기,옛점수만새3판정자동환산·v2로컬저장삭제,점수grade레거시보존·자동correct/incorrect/uncertain전환없음;이미확정명시group은기존효력;점수만있는문장은새판정필요;기존답안보존,이전저장스키마기록 로드·새재판정·데이터전후 비교,P0,통합,미실행(실서비스)
AC-F16-03,F16;F17,확정 평가 두 도넛,고유의미 대상10개에 최신교사확정 이해/작문3판정 집계,진단만존재·동일의미중복·새수정본대기·레거시숫자작문,이해4범주/작문4범주 각각개수합=N·c/N;확정없으면대기;레거시명시group인정·숫자정오환산없음;수정대기별도·구확정유지,근거확정ID·대상집합·두도넛count/denominator 수기대조,P0,집계·통합,미실행(실서비스)
AC-F18-03,F18;F12,도넛 SVG 인쇄·반응형·빈상태,개수·비율·전체N·범례텍스트와SVG를개인PDF/작은화면표시,흑백/색구별어려움·범주0·전체N0·인쇄잘림,색외설명·텍스트표·인쇄읽기가능;N0대상없음/개수0/비율—;NaN/성취100%없음;한학생자료·문구유지,모바일화면·PDF인쇄·키보드/대체설명·0건 데이터확인,P0,출력·사용성,미실행(실서비스)
AC-F20-02,F20;F16,이전 확정 도넛 비교,같은학생·대상해시·규칙의이전교사확정snapshot존재,이전없음·다른묶음/규칙·실제달력집계없는가상데모,있을때만이전확정자료대비·두기준시각/version;없으면비교자료없음;지난주수치임의생성없음·옛snapshot불변,확정snapshot유무·해시/규칙·비교문구/수치 검수,P0,집계·출력,미실행(실서비스)
AC-F26-02,F26;F16;F18,진도·추가복습·배정비중분리,정규객관제출진도/전수초고진도·추가복습·교사부모메시지,도넛known비율을60/30/10목표로보정·평가대기를미제출혼동,진도각분모·교사평가별도;추가복습근거/수정대기·메시지유지;60/30/10계획분리;전수범위누락없음,화면/PDF·계획·활동·초고·확정평가·목록근거 대조,P0,집계·통합,미실행(실서비스)
