event_id,relative_week,relative_day,session,actor,time_scope,macro_stage,activity_bucket,description,target_content_ids,minutes_typical,planned_activity_count,diagnostic_response_count,objective_count,draft_count,revision_count,review_unique_count,group_unknown_count,group_uncertain_count,group_known_count,is_conditional,outside_two_week_learning,status,notes
S01-DIAG,1,월,1,student,one_student,진단·계획,diagnostic_matching,"쉬운뜻10개와무작위단어매칭,모른다후정답자동안내",W0001;W0002;W0003;W0004;W0005;W0006;W0007;W0008;W0009;W0010,10,0,10,0,0,0,0,0,0,0,false,false,planned_hypothetical_not_actual,"첫미공개정답앎/오답애매/모른다모름;미응답자동모름금지,진단은실제학습집합과정규활동제외"
S01-PLAN,1,월,1,student,one_student,진단·계획,plan_confirmation,진단·교사판정기반활동배분확인,W0001;W0002;W0003;W0004;W0005;W0006;W0007;W0008;W0009;W0010,1,0,0,0,0,0,0,0,0,0,false,false,planned_hypothetical_not_actual,
S01-OBJ,1,월,1,student,one_student,이해·추론,regular_objective,혼합4지선다빈칸10문항,W0001;W0002;W0003;W0004;W0005;W0001;W0006;W0007;W0008;W0009,10,10,0,10,0,0,0,6,3,1,false,false,planned_hypothetical_not_actual,"같은중심단어2번이면새문맥2문항.그룹고정은가상비용예시,실제교사판정다음배정반영"
S01-DRAFT,1,월,1,student,one_student,표현·수정,full_coverage_draft,PDF순서전수작문첫주4/3/3,W0001;W0002;W0003;W0004,20,4,0,0,4,0,0,0,0,0,false,false,planned_hypothetical_not_actual,3회후모든10초고제출.객관60과60/30/10분모밖.교사판정대기중에도전수복습진입가능
S01-END,1,월,1,student,one_student,복습·재확인,session_summary,오늘기록과다음할일확인,,1,0,0,0,0,0,0,0,0,0,false,false,planned_hypothetical_not_actual,
T01-MARK,1,월수업후~다음수업전,1,teacher,class_30_students,표현·수정,teacher_writing,초고뜻이해·문맥·완결성판정예산,W0001;W0002;W0003;W0004,360,0,0,0,0,0,0,0,0,0,false,false,planned_hypothetical_not_actual,"초고발생주예산3분/건.수정재검토별도.첫주300초고900분,실제처리시각은별도보존"
S02-PLAN,1,수,2,student,one_student,진단·계획,plan_confirmation,진단·교사판정기반활동배분확인,W0001;W0002;W0003;W0004;W0005;W0006;W0007;W0008;W0009;W0010,1,0,0,0,0,0,0,0,0,0,false,false,planned_hypothetical_not_actual,
S02-OBJ,1,수,2,student,one_student,이해·추론,regular_objective,혼합4지선다빈칸10문항,W0001;W0002;W0003;W0004;W0005;W0002;W0006;W0007;W0008;W0010,10,10,0,10,0,0,0,6,3,1,false,false,planned_hypothetical_not_actual,"같은중심단어2번이면새문맥2문항.그룹고정은가상비용예시,실제교사판정다음배정반영"
S02-DRAFT,1,수,2,student,one_student,표현·수정,full_coverage_draft,PDF순서전수작문첫주4/3/3,W0005;W0006;W0007,15,3,0,0,3,0,0,0,0,0,false,false,planned_hypothetical_not_actual,3회후모든10초고제출.객관60과60/30/10분모밖.교사판정대기중에도전수복습진입가능
S02-REV,1,수,2,student,one_student,표현·수정,feedback_revision,이전회차교사피드백확인·수정,W0001;W0002;W0003;W0004,12,0,0,0,0,4,0,0,0,0,false,false,planned_hypothetical_not_actual,2회4건/3회3건/4회3건.같은초고ID이력;추가활동없음.수정시마지막의미학습시각갱신
T02-RECHECK,1,수,2,teacher,class_30_students,표현·수정,teacher_revision_recheck,이전초고수정본재검토,W0001;W0002;W0003;W0004,,0,0,0,0,0,0,0,0,0,false,false,planned_hypothetical_not_actual,"학생30명×수정4건=120건.초고3분예산외별도미산정,실제검토시각으로시간집계"
S02-END,1,수,2,student,one_student,복습·재확인,session_summary,오늘기록과다음할일확인,,1,0,0,0,0,0,0,0,0,0,false,false,planned_hypothetical_not_actual,
T02-MARK,1,수수업후~다음수업전,2,teacher,class_30_students,표현·수정,teacher_writing,초고뜻이해·문맥·완결성판정예산,W0005;W0006;W0007,270,0,0,0,0,0,0,0,0,0,false,false,planned_hypothetical_not_actual,"초고발생주예산3분/건.수정재검토별도.첫주300초고900분,실제처리시각은별도보존"
S03-PLAN,1,금,3,student,one_student,진단·계획,plan_confirmation,진단·교사판정기반활동배분확인,W0001;W0002;W0003;W0004;W0005;W0006;W0007;W0008;W0009;W0010,1,0,0,0,0,0,0,0,0,0,false,false,planned_hypothetical_not_actual,
S03-OBJ,1,금,3,student,one_student,이해·추론,regular_objective,혼합4지선다빈칸10문항,W0001;W0002;W0003;W0004;W0005;W0003;W0006;W0007;W0008;W0009,10,10,0,10,0,0,0,6,3,1,false,false,planned_hypothetical_not_actual,"같은중심단어2번이면새문맥2문항.그룹고정은가상비용예시,실제교사판정다음배정반영"
S03-DRAFT,1,금,3,student,one_student,표현·수정,full_coverage_draft,PDF순서전수작문첫주4/3/3,W0008;W0009;W0010,15,3,0,0,3,0,0,0,0,0,false,false,planned_hypothetical_not_actual,3회후모든10초고제출.객관60과60/30/10분모밖.교사판정대기중에도전수복습진입가능
S03-REV,1,금,3,student,one_student,표현·수정,feedback_revision,이전회차교사피드백확인·수정,W0005;W0006;W0007,9,0,0,0,0,3,0,0,0,0,false,false,planned_hypothetical_not_actual,2회4건/3회3건/4회3건.같은초고ID이력;추가활동없음.수정시마지막의미학습시각갱신
T03-RECHECK,1,금,3,teacher,class_30_students,표현·수정,teacher_revision_recheck,이전초고수정본재검토,W0005;W0006;W0007,,0,0,0,0,0,0,0,0,0,false,false,planned_hypothetical_not_actual,"학생30명×수정3건=90건.초고3분예산외별도미산정,실제검토시각으로시간집계"
S03-END,1,금,3,student,one_student,복습·재확인,session_summary,오늘기록과다음할일확인,,1,0,0,0,0,0,0,0,0,0,false,false,planned_hypothetical_not_actual,
T03-MARK,1,금수업후~다음수업전,3,teacher,class_30_students,표현·수정,teacher_writing,초고뜻이해·문맥·완결성판정예산,W0008;W0009;W0010,270,0,0,0,0,0,0,0,0,0,false,false,planned_hypothetical_not_actual,"초고발생주예산3분/건.수정재검토별도.첫주300초고900분,실제처리시각은별도보존"
S04-PLAN,2,월,4,student,one_student,진단·계획,plan_confirmation,진단·교사판정기반활동배분확인,W0001;W0002;W0003;W0004;W0005;W0006;W0007;W0008;W0009;W0010,1,0,0,0,0,0,0,0,0,0,false,false,planned_hypothetical_not_actual,
S04-OBJ,2,월,4,student,one_student,이해·추론,regular_objective,혼합4지선다빈칸10문항,W0001;W0002;W0003;W0004;W0005;W0004;W0006;W0007;W0008;W0010,10,10,0,10,0,0,0,6,3,1,false,false,planned_hypothetical_not_actual,"같은중심단어2번이면새문맥2문항.그룹고정은가상비용예시,실제교사판정다음배정반영"
S04-REV,2,월,4,student,one_student,표현·수정,feedback_revision,이전회차교사피드백확인·수정,W0008;W0009;W0010,9,0,0,0,0,3,0,0,0,0,false,false,planned_hypothetical_not_actual,2회4건/3회3건/4회3건.같은초고ID이력;추가활동없음.수정시마지막의미학습시각갱신
T04-RECHECK,2,월,4,teacher,class_30_students,표현·수정,teacher_revision_recheck,이전초고수정본재검토,W0008;W0009;W0010,,0,0,0,0,0,0,0,0,0,false,false,planned_hypothetical_not_actual,"학생30명×수정3건=90건.초고3분예산외별도미산정,실제검토시각으로시간집계"
S04-END,2,월,4,student,one_student,복습·재확인,session_summary,오늘기록과다음할일확인,,1,0,0,0,0,0,0,0,0,0,false,false,planned_hypothetical_not_actual,
S05-PLAN,2,수,5,student,one_student,진단·계획,plan_confirmation,진단·교사판정기반활동배분확인,W0001;W0002;W0003;W0004;W0005;W0006;W0007;W0008;W0009;W0010,1,0,0,0,0,0,0,0,0,0,false,false,planned_hypothetical_not_actual,
S05-OBJ,2,수,5,student,one_student,이해·추론,regular_objective,혼합4지선다빈칸10문항,W0001;W0002;W0003;W0004;W0005;W0005;W0006;W0007;W0008;W0009,10,10,0,10,0,0,0,6,3,1,false,false,planned_hypothetical_not_actual,"같은중심단어2번이면새문맥2문항.그룹고정은가상비용예시,실제교사판정다음배정반영"
S05-END,2,수,5,student,one_student,복습·재확인,session_summary,오늘기록과다음할일확인,,1,0,0,0,0,0,0,0,0,0,false,false,planned_hypothetical_not_actual,
S06-PLAN,2,금,6,student,one_student,진단·계획,plan_confirmation,진단·교사판정기반활동배분확인,W0001;W0002;W0003;W0004;W0005;W0006;W0007;W0008;W0009;W0010,1,0,0,0,0,0,0,0,0,0,false,false,planned_hypothetical_not_actual,
S06-OBJ,2,금,6,student,one_student,이해·추론,regular_objective,혼합4지선다빈칸10문항,W0001;W0002;W0003;W0004;W0005;W0001;W0006;W0007;W0008;W0010,10,10,0,10,0,0,0,6,3,1,false,false,planned_hypothetical_not_actual,"같은중심단어2번이면새문맥2문항.그룹고정은가상비용예시,실제교사판정다음배정반영"
S06-END,2,금,6,student,one_student,복습·재확인,session_summary,오늘기록과다음할일확인,,1,0,0,0,0,0,0,0,0,0,false,false,planned_hypothetical_not_actual,
W1-FULL-1,1,전체초고10개제출후별도복습일,,student,one_student,복습·재확인,weekly_full_review,주간전수새문맥5개묶음1,W0001;W0002;W0003;W0004;W0005,5,5,0,5,0,0,5,0,0,0,false,false,planned_hypothetical_not_actual,"첫주3회초고10개제출후진입.교사판정대기차단없음.정규60/30/10밖,각주별다른문맥"
W1-FULL-2,1,전체초고10개제출후별도복습일,,student,one_student,복습·재확인,weekly_full_review,주간전수새문맥5개묶음2,W0006;W0007;W0008;W0009;W0010,5,5,0,5,0,0,5,0,0,0,false,false,planned_hypothetical_not_actual,"첫주3회초고10개제출후진입.교사판정대기차단없음.정규60/30/10밖,각주별다른문맥"
W1-RESULT,1,별도복습일,,student,one_student,복습·재확인,weekly_results_judgment_check,전수결과와교사판정확인,W0001;W0002;W0003;W0004;W0005;W0006;W0007;W0008;W0009;W0010,2,0,0,0,0,0,0,0,0,0,false,false,planned_hypothetical_not_actual,기존3가지자기선택재점검이아닌결과확인
W1-REMED,1,교사판정·전수확인후,,student,one_student,복습·재확인,conditional_remediation,미사용새승인문항보충10활동,,10,10,0,10,0,0,0,6,3,1,true,false,planned_hypothetical_not_actual,가상목표6/3/1.정규후모름잔여4면추가2문항승인/재배분/보류.교사판정미확정단어는확정후반영
TW1-REPORT,1,복습일이후,,teacher,class_30_students,복습·재확인,teacher_parent_report,개인평가·직접부모메시지·PDF확인,,60,0,0,0,0,0,0,0,0,0,false,false,planned_hypothetical_not_actual,"학생당2분가정,미확정작문상태표시.초고예산첫주900/둘째0과별도"
TW1-REVIEW-MANAGE,1,복습일전후,,teacher,class_30_students,복습·재확인,teacher_full_review_management,대상·누락·오개념·보충검토,,,0,0,0,0,0,0,0,0,0,false,false,planned_hypothetical_not_actual,"별도미산정,기준첫주960/둘째60분예산에미포함"
W2-FULL-1,2,전체초고10개제출후별도복습일,,student,one_student,복습·재확인,weekly_full_review,주간전수새문맥5개묶음1,W0001;W0002;W0003;W0004;W0005,5,5,0,5,0,0,5,0,0,0,false,false,planned_hypothetical_not_actual,"첫주3회초고10개제출후진입.교사판정대기차단없음.정규60/30/10밖,각주별다른문맥"
W2-FULL-2,2,전체초고10개제출후별도복습일,,student,one_student,복습·재확인,weekly_full_review,주간전수새문맥5개묶음2,W0006;W0007;W0008;W0009;W0010,5,5,0,5,0,0,5,0,0,0,false,false,planned_hypothetical_not_actual,"첫주3회초고10개제출후진입.교사판정대기차단없음.정규60/30/10밖,각주별다른문맥"
W2-RESULT,2,별도복습일,,student,one_student,복습·재확인,weekly_results_judgment_check,전수결과와교사판정확인,W0001;W0002;W0003;W0004;W0005;W0006;W0007;W0008;W0009;W0010,2,0,0,0,0,0,0,0,0,0,false,false,planned_hypothetical_not_actual,기존3가지자기선택재점검이아닌결과확인
W2-REMED,2,교사판정·전수확인후,,student,one_student,복습·재확인,conditional_remediation,미사용새승인문항보충10활동,,10,10,0,10,0,0,0,6,3,1,true,false,planned_hypothetical_not_actual,가상목표6/3/1.정규후모름잔여4면추가2문항승인/재배분/보류.교사판정미확정단어는확정후반영
TW2-REPORT,2,복습일이후,,teacher,class_30_students,복습·재확인,teacher_parent_report,개인평가·직접부모메시지·PDF확인,,60,0,0,0,0,0,0,0,0,0,false,false,planned_hypothetical_not_actual,"학생당2분가정,미확정작문상태표시.초고예산첫주900/둘째0과별도"
TW2-REVIEW-MANAGE,2,복습일전후,,teacher,class_30_students,복습·재확인,teacher_full_review_management,대상·누락·오개념·보충검토,,,0,0,0,0,0,0,0,0,0,false,false,planned_hypothetical_not_actual,"별도미산정,기준첫주960/둘째60분예산에미포함"
EV-PRE,파일럿1주,평가일,,student,one_student,진단·계획,assessment_pre,뜻매칭진단과별도새문맥사전10문항,W0001;W0002;W0003;W0004;W0005;W0006;W0007;W0008;W0009;W0010,10,10,0,10,0,0,0,0,0,0,false,true,planned_hypothetical_not_actual,진단10분·정규객관60·초고10·전수20·기본186분과별도.지연추가수정이면5주이후가능
EV-POST,파일럿4주,평가일,,student,one_student,복습·재확인,assessment_post,별도새문맥사후10문항,W0001;W0002;W0003;W0004;W0005;W0006;W0007;W0008;W0009;W0010,10,10,0,10,0,0,0,0,0,0,false,true,planned_hypothetical_not_actual,진단10분·정규객관60·초고10·전수20·기본186분과별도.지연추가수정이면5주이후가능
EV-DELAY,단어별마지막학습+7일이상,평가일,,student,one_student,복습·재확인,assessment_delayed,별도새문맥지연10문항,W0001;W0002;W0003;W0004;W0005;W0006;W0007;W0008;W0009;W0010,10,10,0,10,0,0,0,0,0,0,false,true,planned_hypothetical_not_actual,진단10분·정규객관60·초고10·전수20·기본186분과별도.지연추가수정이면5주이후가능
