작업ID,작업단계,작업,주요산출물,선행작업ID,담당역할,산정입력,연결PRD요구ID,연결검수ID,완료조건,상태
W01,운영 상세화,첫 도입 조건·2주 운영표 정리,학생/교사2주일정; 교재450행·45연속묶음; 객관60+전수작문10=70·복습/측정별도; 가정·확정값,없음,기획 책임자·학원 운영자,학생층/기기/수업시간/교사시간;30학생×10초고/2주×3분=900분+부모메시지120분=주510분가정;복습중첩;예산,F04;F09;F23;F26,AC-F04-01;AC-F09-01;AC-F09-02;AC-F23-01;AC-F23-02;AC-F26-01;AC-F24-02;AC-F03-04;AC-F26-02,교재순서·전수작문·교사3버튼/자동분류·복습·뒤로가기·실업무시간반영;배점삭제만으로시간절감가정하지않음,미착수·조건확인
W02,권리·콘텐츠,교재 이용·변형 권리와 승인 책임 확인,권리 확인 기록; 최종 승인 담당자; 공개 조건,없음,사업 책임자·교육 책임자,권리 보유자/허용 범위/납품·홍보 범위/계약 확인,F03;F19,AC-F03-01;AC-F03-02;AC-F19-01;AC-F03-03;AC-F03-04,실서비스 콘텐츠 공개 권한과 승인 주체 확인; 초안 작업은 병행 가능,미착수·조건확인
W03,콘텐츠 제작,교재순서 첫10개 완성 묶음과30개 연속 어휘은행 제작,첫W0001–W0010; 사전대조 진단뜻초안; 연습80·측정30·주20·월10·분기10=150객관; 기본10+대체10작문질문,W01,콘텐츠 기획자·국어 집필자,source_order450/45묶음;보류W0004/6/8/10;연습8/단어;가상5/3/2공급40/24/16수요36/18/6;분류쏠림공급부족,F03;F04;F06;F07;F09;F17;F23,AC-F03-01;AC-F03-02;AC-F04-01;AC-F06-01;AC-F06-02;AC-F07-01;AC-F07-02;AC-F09-01;AC-F09-02;AC-F17-01;AC-F23-01;AC-F23-02;AC-F03-03;AC-F05-04;AC-F05-05;AC-F06-03;AC-F07-03;AC-F14-05;AC-F03-04;AC-F08-04;AC-F16-03,선별안폐기·원문/중복/보류위치유지;10개모두실서비스보류;미사용새문맥부족시보류·보완,미착수·조건확인
W04,콘텐츠 승인,교정·교육 검수와 시범 공개 승인,원문보류4행·권리·진단뜻·단일정답·10전수작문3판정관찰안내·자동분류정책·수준검수;승인버전,W02;W03,최종 교육 승인자,진단뜻10/객관150/작문질문20·원문교정·검수·재검수량,F03;F06;F13,AC-F03-01;AC-F03-02;AC-F06-01;AC-F06-02;AC-F13-01;AC-OPS-01;AC-F03-03;AC-F06-03;AC-F03-04;AC-F13-02,실제 담당자가 검수·승인한 버전만 공개; 검토 문서를 승인으로 간주하지 않음,미착수·조건확인
W05,사용성 설계,큰4단계·세부 흐름·학생·교사 클릭 시제품,매칭/자동답;혼합10빈칸4지;10전수작문;교사3버튼·코멘트선택·자동분류preset/수동수정;복습·뒤로가기,W01;W03,제품 기획자·UX/UI 디자이너,사용자층/기기/화면 수/보조 수준/교사 출력 흐름,F02;F04;F05;F07;F12;F21;F22;F25,AC-F02-01;AC-F04-01;AC-F05-01;AC-F05-02;AC-F07-01;AC-F07-02;AC-F12-01;AC-F21-01;AC-F22-01;AC-F25-01;AC-F25-02;AC-OPS-02;AC-F05-03;AC-F05-04;AC-F05-05;AC-F05-06;AC-F07-03;AC-F11-03;AC-F14-05;AC-F18-03,공개전배치스냅샷/자동답unknown/노출후재확인·학생/교사답안보존 흐름;가상데이터실보안구별,미착수·조건확인
W06,상세 기술 설계,데이터·상태·이벤트·API 계약과 집계 정책 확정,순서·권한·진단스냅샷·3버튼필수/코멘트선택·현재묶음객관첫답+작문자동분류·수동우선·근거/규칙버전·계획동결,W01,개발 책임자·서버 개발자·기획자,역할/학원수/동시접속/데이터량/출력량/복구·보관 조건,F01;F11;F13;F14;F15;F16;F20;F23;F24,AC-F01-01;AC-F01-02;AC-F11-01;AC-F11-02;AC-F13-01;AC-F14-01;AC-F14-02;AC-F14-03;AC-F15-01;AC-F16-01;AC-F16-02;AC-F20-01;AC-F23-01;AC-F23-02;AC-F24-01;AC-OPS-01;AC-OPS-02;AC-F14-04;AC-F05-06;AC-F06-03;AC-F08-02;AC-F11-03;AC-F14-05;AC-F15-02;AC-F24-02;AC-F03-04;AC-F08-05;AC-F13-02;AC-F16-03;AC-F20-02;AC-F26-02,클라이언트 표시와 서버 계산·권한 경계 명확; 기술선택 근거 제시,미착수·조건확인
W07,개발 기반,개발·검수 환경과 데이터 저장·배포 기반,환경 분리; DB 스키마·제약·마이그레이션; 파일·작업 큐 기반,W06;W28,서버 개발자·서비스 운영자,호스팅 조건/환경 수/작업량/유지보수 역량,F01;F11;F13;F20,AC-F01-01;AC-F01-02;AC-F11-01;AC-F11-02;AC-F13-01;AC-F20-01;AC-OPS-01;AC-OPS-02;AC-F05-06;AC-F06-03;AC-F11-03;AC-F08-05;AC-F13-02;AC-F20-02,가상 검수 환경과 실운영 분리; 민감 로그·비밀값 노출 방지,미착수·조건확인
W08,계정·권한,학원·반·학생·교사·관리자·콘텐츠 역할,별도 로그인; 서버 소속/담당 권한; 공용기기 전환·복구,W07,서버·웹 개발자,학원·반·역할 수/학생 접근 방식/반이동·기록인계 정책,F01;F02,AC-F01-01;AC-F01-02;AC-F02-01;AC-OPS-02;AC-F11-03,타학생·타학원·미담당 접근 차단과 공용기기 전환 검수,미착수·조건확인
W09,콘텐츠 관리,CSV 등록·검수·승인·보류·교정 버전 화면,450원문행/연속source_order·45묶음;진단뜻/문항 가져오기·검수·보류·교정 버전,W07;W08,서버·교사용 웹 개발자·콘텐츠 운영자,CSV종류/필드/등록량/검수 역할/교정·정답 정정 정책,F03;F13,AC-F03-01;AC-F03-02;AC-F13-01;AC-OPS-01;AC-F03-03;AC-F03-04;AC-F13-02,원문·중복·보류위치유지;미승인차단·기존답안재현;권리와 W04승인뒤공개,미착수·조건확인
W10,과제·점검,교재연속 과제와 의미·단어 매칭 진단,교재순서뜻10·랜덤단어10·드래그/클릭/키보드;모른다자동배치·행잠금;공개전전체배치스냅샷,W08;W09,학생·교사용 웹 개발자·서버 개발자,45연속묶음/토큰중복·충돌이동/최초공개·자동답·노출후응답/미배치·전체완료,F04;F05;F10,AC-F04-01;AC-F05-01;AC-F05-02;AC-F10-01;AC-F05-03;AC-F05-04;AC-F05-05;AC-F05-06;AC-F03-04,10행전수완료;자동답unknown·독립분자분모제외;공개전원배치우선·노출후정답uncertain;뒤로가기재채점없음,미착수·조건확인
W11,배분 엔진,60·30·10 계획 고정과 예외 처리,객관60·30·10;교사확정이해판정우선;문항/순서/할당량동결;빈그룹·정수편차·공급보류,W10,서버 개발자·QA 담당자,객관N·그룹/편차;진단·전수작문·전수복습·측정제외;실제미사용연습공급,F14;F15,AC-F14-01;AC-F14-02;AC-F14-03;AC-F15-01;AC-F14-04;AC-F08-02;AC-F14-05;AC-F15-02;AC-F08-05,6·3·1과경계예제;현재계획불변·다음계획만교사판정반영;공급부족같은문항반복없음,미착수·조건확인
W12,문맥 학습,혼합10빈칸4지 객관·첫응답·힌트·뒤로가기,문항·4선택지순서고정;제출전목표어제목/정의미노출;첫응답·도움·재시도·해설보존,W11,학생 웹·서버 개발자,연습8/단어·문항랜덤/4선택지·읽기보조·힌트·뒤로가기 상태,F06;F09;F11,AC-F06-01;AC-F06-02;AC-F09-01;AC-F09-02;AC-F11-01;AC-F11-02;AC-OPS-01;AC-OPS-02;AC-F05-06;AC-F06-03;AC-F11-03,첫응답 고정·힌트 시점·재시도 중복 방지; 학생 API 답 노출 없음,미착수·조건확인
W13,작문·저장,10단어 전수 작문·수정·저장·복원,교재순서단어당1문장·10초고별도단계;ACK/충돌/수정이력;뒤로가기초안보존,W11,학생 웹·서버 개발자,전수초고10/묶음·5개분할·10완료이동조건·교사대기차단없음·타이핑/공용기기,F07;F11,AC-F07-01;AC-F07-02;AC-F11-01;AC-F11-02;AC-OPS-01;AC-OPS-02;AC-F05-06;AC-F06-03;AC-F07-03;AC-F11-03;AC-F14-05,10유효초고뒤검토대기무관복습이동;객관배분분모밖;수정·뒤로가기중복없음,미착수·조건확인
W14,교사 검토,교사3버튼·자동다음분류·선택수정·재확인,정답/오답/검토(애매)단일선택;코멘트선택;현재묶음첫객관+작문auto_group·manual_group·최종분류;버전snapshot,W08;W13,교사용 웹·서버 개발자·교육 책임자,학생30×초고10/2주×초고검토3분=900분가정;수정재검토별도;기존grade레거시·규칙경계·도움표시,F07;F08,AC-F07-01;AC-F07-02;AC-F08-01;AC-F07-03;AC-F08-02;AC-F14-05;AC-F15-02;AC-F08-03;AC-F08-04;AC-F08-05;AC-F13-02,판정필수/코멘트선택·힌트자동known차단아님;수동수정우선;근거/본문버전고정;미확정수정승격없음;점수자동환산없음,미착수·조건확인
W15,간격 복습,단어별 복습 일정과 교사 조정,D1/D3/D7/D14·결석·오답·하루 상한·지연 측정 경과,W12;W13,서버·학생/교사용 웹 개발자,의미 수/노출·오답 빈도/마감 조정/지연 측정 창,F09,AC-F09-01;AC-F09-02,일정 조정 이유·마지막 노출·7일 경과 검수,미착수·조건확인
W16,기간 대상,주·월·분기 KST 대상 생성과 버전,실제객관/전수작문응답의미집합·모든이해그룹포함;진단/측정만제외;KST고정/갱신버전,W12;W13,서버 개발자·QA 담당자,기간·시각 경계/고유 의미 수/늦은 수락·정정 규칙,F23;F25,AC-F23-01;AC-F23-02;AC-F25-01;AC-F25-02;AC-F07-03;AC-F03-04,known·초고 포함; 점검/측정만 제외; 대상 고정과 추가 의미 표시,미착수·조건확인
W17,기간 복습,전수 청크·저장·재개와 보충 배분,전수모든의미확인·5~10청크·답안보존;전수후최신교사판정 객관보충60/30/10,W11;W16,학생·교사용 웹·서버 개발자,기간 대상 크기/문항 공급/겹치는 주월분기/하루 상한,F24;F25;F26,AC-F24-01;AC-F25-01;AC-F25-02;AC-F26-01;AC-F07-03;AC-F24-02;AC-F26-02,known단어전수누락없음;교사판정은보충배분에만;뒤로가기/재시도진도보존;공급부족보류,미착수·조건확인
W18,분석 집계,일간·주간·월간·분기 복습 필터·지표 구현,객관60/초고10/합70·단계별;진단자동답제외;작문3판정·auto/manual최종분류·도움독립통계·과거versions;확정이해/작문4범주도넛·고유분모·수정대기·근거snapshot·이전확정자료비교,W12;W14;W16;W17,서버·교사용 웹 개발자·기획자,이벤트량/필터·지표 수/동등 측정표본/늦은 평가/결측,F16;F17;F20;F26,AC-F16-01;AC-F16-02;AC-F17-01;AC-F20-01;AC-F26-01;AC-OPS-01;AC-F05-04;AC-F05-05;AC-F11-03;AC-F24-02;AC-F08-04;AC-F08-05;AC-F16-03;AC-F20-02;AC-F26-02,표본 기준 수기 결과와 화면·CSV·PDF 수치 일치,미착수·조건확인
W19,교사 의견,4항목 평가·종합평가·직접 부모 글·내부 메모,미평가·근거; draft/confirmed; 포함항목·서명·버전,W14;W18,교사용 웹·서버 개발자,평가항목/자유문구·서명/작성·확인 흐름/관찰 근거,F21;F22,AC-F21-01;AC-F22-01,관찰 없는 태도 미평가; 내부 메모 부모 출력 제외; 수정 재확인,미착수·조건확인
W20,PDF 출력,개인 미리보기·보고서 스냅샷·비동기 PDF,한 학생 요약·별첨; 기준·시각·버전·서명; 출력 작업 상태;같은보고서snapshot의SVG두도넛·개수/비율·추가복습·교사메시지,W18;W19,웹·서버 개발자·디자이너,기간/페이지·단어량/작문·로고/묶음 출력/파일보관,F18;F20;F22;F26,AC-F18-01;AC-F18-02;AC-F20-01;AC-F22-01;AC-F26-01;AC-OPS-01;AC-OPS-02;AC-F11-03;AC-F24-02;AC-F08-05;AC-F18-03;AC-F20-02;AC-F26-02,한 학생 자료·교사 확인문구; 옛 PDF 불변; 다운로드 권한·작업 재시도,미착수·조건확인
W21,CSV·홍보 요약,권한 내 운영 CSV와 별도 익명 출력,허용필드 CSV; 목적·기간·표본·분모·측정한계·공개범위,W18;W19,서버·교사용 웹 개발자·사업 책임자,CSV필드/개인 인용 여부/홍보 출력 범위·확인절차,F10;F19,AC-F10-01;AC-F19-01;AC-F03-04,반 CSV와 개인 부모 자료 분리; 식별제거·수식 처리·자동공개 없음,미착수·조건확인
W22,접근성·기기,학생·교사 화면 반응형·키보드·포커스·오류 안내,드래그대체클릭/키보드·4지선다·학생/교사화면별뒤로가기·포커스/오류/기기대응;도넛색외텍스트·반응형·SVG인쇄·0건상태,W05;W12;W13;W17;W19;W20,웹 개발자·디자이너·사용성 담당,브라우저·기기/사용자 읽기·타이핑 수준/접근성 범위,F12,AC-F12-01;AC-F05-03;AC-F18-03,키보드 전체 흐름·작은 화면·대비·초등/중등 관찰 확인,미착수·조건확인
W23,운영 준비,백업·복원·오류·작업 실패·계정 지원,실제 복원 기록; 저장·PDF 실패 대응; 내보내기·종료·지원 절차,W08;W09;W20;W21,운영 담당자·서버 개발자,보관기간/복구목표/지원시간/계약종료·삭제범위,F01;F02;F11;F13;F18;F20,AC-F01-01;AC-F01-02;AC-F02-01;AC-F11-01;AC-F11-02;AC-F13-01;AC-F18-01;AC-F18-02;AC-F20-01;AC-OPS-01;AC-OPS-02;AC-F05-06;AC-F06-03;AC-F11-03;AC-F08-05;AC-F13-02;AC-F18-03;AC-F20-02;AC-F26-02,복원으로 답안·버전·평가·PDF 연결 재현; 담당자·장애 안내 확인,미착수·조건확인
W24,통합 검수,F01~F26 정상·실패·권한·집계 경계 검수,수용표별 실행 증거·결함·수정·미실행 사유,W09;W10;W11;W12;W13;W14;W15;W16;W17;W18;W19;W20;W21;W22;W23,QA 담당자·개발자·기획자,검수63개/기기·권한/자동분류·힌트·수동수정·레거시·진단노출·순서·뒤로가기·기간경계;확정도넛/이전자료/인쇄/0건,F01;F02;F03;F04;F05;F06;F07;F08;F09;F10;F11;F12;F13;F14;F15;F16;F17;F18;F19;F20;F21;F22;F23;F24;F25;F26,AC-F01-01;AC-F01-02;AC-F02-01;AC-F03-01;AC-F03-02;AC-F04-01;AC-F05-01;AC-F05-02;AC-F06-01;AC-F06-02;AC-F07-01;AC-F07-02;AC-F08-01;AC-F09-01;AC-F09-02;AC-F10-01;AC-F11-01;AC-F11-02;AC-F12-01;AC-F13-01;AC-F14-01;AC-F14-02;AC-F14-03;AC-F15-01;AC-F16-01;AC-F16-02;AC-F17-01;AC-F18-01;AC-F18-02;AC-F19-01;AC-F20-01;AC-F21-01;AC-F22-01;AC-F23-01;AC-F23-02;AC-F24-01;AC-F25-01;AC-F25-02;AC-F26-01;AC-OPS-01;AC-OPS-02;AC-F14-04;AC-F03-03;AC-F05-03;AC-F05-04;AC-F05-05;AC-F05-06;AC-F06-03;AC-F07-03;AC-F08-02;AC-F11-03;AC-F14-05;AC-F15-02;AC-F24-02;AC-F03-04;AC-F08-03;AC-F08-04;AC-F08-05;AC-F13-02;AC-F16-03;AC-F18-03;AC-F20-02;AC-F26-02,P0 해결·모든 첫 납품 요구 증거 확인; 시제품 QA와 실서비스 검수 분리,미착수·조건확인
W25,성능 검수,합의한 실제 동시사용·저장·출력 부하 측정,환경·데이터량·응답분포·실패·복구 측정 기록,W23;W24,개발 책임자·QA·운영 담당자,도입 인원/동시 사용자/성능·복구 목표/실운영 환경,F01;F11;F18,AC-F01-01;AC-F01-02;AC-F11-01;AC-F11-02;AC-F18-01;AC-F18-02;AC-OPS-01;AC-OPS-02;AC-F05-06;AC-F06-03;AC-F11-03;AC-F18-03;AC-F26-02,측정 근거 확보; 검증 목표를 보장 실적으로 표현하지 않음,미착수·조건확인
W26,시범 운영,4주 파일럿·사용성·교사 시간·학습 측정,객관60+초고10·교사3버튼검토/수정재판정·부모메시지실측;3분기존가정·시간절감실측전미반영,W01;W02;W04;W24;W25,학원 운영자·교사·기획자·개발 지원,학원·학생모집/30학생주510분교사업무가정/교재보류해소/사전사후·7일경과/지원,F04;F07;F08;F09;F17;F18;F21;F22;F26,AC-F04-01;AC-F07-01;AC-F07-02;AC-F08-01;AC-F09-01;AC-F09-02;AC-F17-01;AC-F18-01;AC-F18-02;AC-F21-01;AC-F22-01;AC-F26-01;AC-OPS-02;AC-F05-04;AC-F05-05;AC-F07-03;AC-F08-02;AC-F14-05;AC-F15-02;AC-F24-02;AC-F08-03;AC-F08-04;AC-F08-05;AC-F13-02;AC-F16-03;AC-F18-03;AC-F26-02,운영 가능성·데이터 근거 확인; 4주로 실제 분기효과 검증 주장하지 않음,미착수·조건확인
W27,계약·납품,납품 검수·운영계약·가격·권리·변경 관리,검수 결과; 범위·일정·비용; 소스·콘텐츠 권리; 유지보수·종료 절차,W02;W06;W24;W25;W26,사업·기획·개발 책임자·학원 운영자,예산/인력/견적/권리/운영·지원 조건/파일럿 개선,F01;F03;F10;F18;F19;F20,AC-F01-01;AC-F01-02;AC-F03-01;AC-F03-02;AC-F10-01;AC-F18-01;AC-F18-02;AC-F19-01;AC-F20-01;AC-OPS-01;AC-OPS-02;AC-F03-03;AC-F11-03;AC-F03-04;AC-F08-05;AC-F18-03;AC-F20-02;AC-F26-02,기술 검수와 사업 계약 준비 구분; 실제 조건·가격·날짜 확정 후 납품 판단,미착수·조건확인
W28,견적·착수계약,명세 기준 개발 견적·인력·일정·착수조건 확정,개발/콘텐츠/월운영비 견적; 일정·인력·선행조건; 범위·검수·변경·권리·유지보수 계약,W01;W02;W03;W05;W06,사업·기획·개발 책임자·사용자,예산 상한/희망일/작업량/교육검수 속도/기기·규모/지원 조건,F01;F03;F10;F18;F19;F20,AC-F01-01;AC-F01-02;AC-F03-01;AC-F03-02;AC-F10-01;AC-F18-01;AC-F18-02;AC-F19-01;AC-F20-01;AC-OPS-01;AC-OPS-02;AC-F03-03;AC-F11-03;AC-F03-04;AC-F08-05;AC-F18-03;AC-F20-02;AC-F26-02,상세명세·산정입력·계약을 기준으로 개발 착수; 콘텐츠 승인·납품 검수는 각 선행조건 유지,미착수·조건확인
